taxon_id,call_type,region,season,source_url,creator,license,attribution,quality_status,reference_set_version,embedding_model_version,xc_id,duration
taxon-hypsipetes-amaurotis,call,South Korea,,https://xeno-canto.org/1097342/download,Uku Paal,https://creativecommons.org/licenses/by-nc-sa/4.0/,"Uku Paal via xeno-canto.org (XC1097342), https://creativecommons.org/licenses/by-nc-sa/4.0/",pending,v1,,1097342,0:49
taxon-hypsipetes-amaurotis,call,Japan,,https://xeno-canto.org/1016816/download,Uku Paal,https://creativecommons.org/licenses/by-nc-sa/4.0/,"Uku Paal via xeno-canto.org (XC1016816), https://creativecommons.org/licenses/by-nc-sa/4.0/",pending,v1,,1016816,0:04
taxon-hypsipetes-amaurotis,call,Japan,,https://xeno-canto.org/1016616/download,Uku Paal,https://creativecommons.org/licenses/by-nc-sa/4.0/,"Uku Paal via xeno-canto.org (XC1016616), https://creativecommons.org/licenses/by-nc-sa/4.0/",pending,v1,,1016616,0:07
taxon-hypsipetes-amaurotis,call,Japan,,https://xeno-canto.org/1016606/download,Uku Paal,https://creativecommons.org/licenses/by-nc-sa/4.0/,"Uku Paal via xeno-canto.org (XC1016606), https://creativecommons.org/licenses/by-nc-sa/4.0/",pending,v1,,1016606,1:34
taxon-hypsipetes-amaurotis,call,Japan,,https://xeno-canto.org/1016083/download,Jerome Chie-Jen Ko,https://creativecommons.org/licenses/by-nc-sa/4.0/,"Jerome Chie-Jen Ko via xeno-canto.org (XC1016083), https://creativecommons.org/licenses/by-nc-sa/4.0/",pending,v1,,1016083,0:44
taxon-hypsipetes-amaurotis,call,Japan,,https://xeno-canto.org/1012281/download,Jerome Chie-Jen Ko,https://creativecommons.org/licenses/by-nc-sa/4.0/,"Jerome Chie-Jen Ko via xeno-canto.org (XC1012281), https://creativecommons.org/licenses/by-nc-sa/4.0/",pending,v1,,1012281,1:07
taxon-hypsipetes-amaurotis,call,Japan,,https://xeno-canto.org/1011685/download,Jerome Chie-Jen Ko,https://creativecommons.org/licenses/by-nc-sa/4.0/,"Jerome Chie-Jen Ko via xeno-canto.org (XC1011685), https://creativecommons.org/licenses/by-nc-sa/4.0/",pending,v1,,1011685,0:10
taxon-hypsipetes-amaurotis,call,China,,https://xeno-canto.org/995377/download,Bo Shunqi 薄顺奇,https://creativecommons.org/licenses/by-nc-sa/4.0/,"Bo Shunqi 薄顺奇 via xeno-canto.org (XC995377), https://creativecommons.org/licenses/by-nc-sa/4.0/",pending,v1,,995377,1:12
taxon-hypsipetes-amaurotis,call,Japan,,https://xeno-canto.org/993641/download,Xavier Riera,https://creativecommons.org/licenses/by-nc-sa/4.0/,"Xavier Riera via xeno-canto.org (XC993641), https://creativecommons.org/licenses/by-nc-sa/4.0/",pending,v1,,993641,0:15
taxon-hypsipetes-amaurotis,call,Japan,,https://xeno-canto.org/993638/download,Xavier Riera,https://creativecommons.org/licenses/by-nc-sa/4.0/,"Xavier Riera via xeno-canto.org (XC993638), https://creativecommons.org/licenses/by-nc-sa/4.0/",pending,v1,,993638,0:26
taxon-hypsipetes-amaurotis,call,China,,https://xeno-canto.org/992555/download,Feather V,https://creativecommons.org/licenses/by-nc-sa/4.0/,"Feather V via xeno-canto.org (XC992555), https://creativecommons.org/licenses/by-nc-sa/4.0/",pending,v1,,992555,0:16
taxon-hypsipetes-amaurotis,call,Japan,,https://xeno-canto.org/992367/download,Xavier Riera,https://creativecommons.org/licenses/by-nc-sa/4.0/,"Xavier Riera via xeno-canto.org (XC992367), https://creativecommons.org/licenses/by-nc-sa/4.0/",pending,v1,,992367,0:11
taxon-hypsipetes-amaurotis,call,Japan,,https://xeno-canto.org/915185/download,Uku Paal,https://creativecommons.org/licenses/by-nc-sa/4.0/,"Uku Paal via xeno-canto.org (XC915185), https://creativecommons.org/licenses/by-nc-sa/4.0/",pending,v1,,915185,0:19
taxon-hypsipetes-amaurotis,call,Japan,,https://xeno-canto.org/915184/download,Uku Paal,https://creativecommons.org/licenses/by-nc-sa/4.0/,"Uku Paal via xeno-canto.org (XC915184), https://creativecommons.org/licenses/by-nc-sa/4.0/",pending,v1,,915184,0:23
taxon-hypsipetes-amaurotis,call,Japan,,https://xeno-canto.org/897757/download,Barry Edmonston,https://creativecommons.org/licenses/by-nc-sa/4.0/,"Barry Edmonston via xeno-canto.org (XC897757), https://creativecommons.org/licenses/by-nc-sa/4.0/",pending,v1,,897757,1:17
taxon-hypsipetes-amaurotis,call,Japan,,https://xeno-canto.org/884133/download,Barry Edmonston,https://creativecommons.org/licenses/by-nc-sa/4.0/,"Barry Edmonston via xeno-canto.org (XC884133), https://creativecommons.org/licenses/by-nc-sa/4.0/",pending,v1,,884133,0:42
taxon-hypsipetes-amaurotis,call,Japan,,https://xeno-canto.org/858057/download,Joshua Chong,https://creativecommons.org/licenses/by-nc-sa/4.0/,"Joshua Chong via xeno-canto.org (XC858057), https://creativecommons.org/licenses/by-nc-sa/4.0/",pending,v1,,858057,0:03
taxon-hypsipetes-amaurotis,call,China,,https://xeno-canto.org/841475/download,Bo Shunqi 薄顺奇,https://creativecommons.org/licenses/by-nc-sa/4.0/,"Bo Shunqi 薄顺奇 via xeno-canto.org (XC841475), https://creativecommons.org/licenses/by-nc-sa/4.0/",pending,v1,,841475,0:45
taxon-hypsipetes-amaurotis,call,Japan,,https://xeno-canto.org/834177/download,Geoff Carey,https://creativecommons.org/licenses/by-nc-sa/4.0/,"Geoff Carey via xeno-canto.org (XC834177), https://creativecommons.org/licenses/by-nc-sa/4.0/",pending,v1,,834177,0:43
taxon-hypsipetes-amaurotis,call,Japan,,https://xeno-canto.org/834176/download,Geoff Carey,https://creativecommons.org/licenses/by-nc-sa/4.0/,"Geoff Carey via xeno-canto.org (XC834176), https://creativecommons.org/licenses/by-nc-sa/4.0/",pending,v1,,834176,0:25
taxon-hypsipetes-amaurotis,call,Japan,,https://xeno-canto.org/834175/download,Geoff Carey,https://creativecommons.org/licenses/by-nc-sa/4.0/,"Geoff Carey via xeno-canto.org (XC834175), https://creativecommons.org/licenses/by-nc-sa/4.0/",pending,v1,,834175,1:34
taxon-hypsipetes-amaurotis,call,Japan,,https://xeno-canto.org/834174/download,Geoff Carey,https://creativecommons.org/licenses/by-nc-sa/4.0/,"Geoff Carey via xeno-canto.org (XC834174), https://creativecommons.org/licenses/by-nc-sa/4.0/",pending,v1,,834174,1:11
taxon-hypsipetes-amaurotis,call,China,,https://xeno-canto.org/802168/download,Ray Tsu 诸仁,https://creativecommons.org/licenses/by-nc-sa/4.0/,"Ray Tsu 诸仁 via xeno-canto.org (XC802168), https://creativecommons.org/licenses/by-nc-sa/4.0/",pending,v1,,802168,0:42
taxon-hypsipetes-amaurotis,call,Taiwan,,https://xeno-canto.org/797770/download,Chi-Hsuan Shao,https://creativecommons.org/licenses/by-nc-sa/4.0/,"Chi-Hsuan Shao via xeno-canto.org (XC797770), https://creativecommons.org/licenses/by-nc-sa/4.0/",pending,v1,,797770,0:34
taxon-hypsipetes-amaurotis,call,South Korea,,https://xeno-canto.org/571414/download,Wonseok Jang,https://creativecommons.org/licenses/by-nc-sa/4.0/,"Wonseok Jang via xeno-canto.org (XC571414), https://creativecommons.org/licenses/by-nc-sa/4.0/",pending,v1,,571414,0:34
taxon-hypsipetes-amaurotis,call,Taiwan,,https://xeno-canto.org/551620/download,Sunny Tseng,https://creativecommons.org/licenses/by-nc-sa/4.0/,"Sunny Tseng via xeno-canto.org (XC551620), https://creativecommons.org/licenses/by-nc-sa/4.0/",pending,v1,,551620,0:16
taxon-hypsipetes-amaurotis,call,Taiwan,,https://xeno-canto.org/551617/download,Sunny Tseng,https://creativecommons.org/licenses/by-nc-sa/4.0/,"Sunny Tseng via xeno-canto.org (XC551617), https://creativecommons.org/licenses/by-nc-sa/4.0/",pending,v1,,551617,0:03
taxon-hypsipetes-amaurotis,call,Japan,,https://xeno-canto.org/475534/download,Markus Jacobs,https://creativecommons.org/licenses/by-nc-sa/4.0/,"Markus Jacobs via xeno-canto.org (XC475534), https://creativecommons.org/licenses/by-nc-sa/4.0/",pending,v1,,475534,0:32
taxon-hypsipetes-amaurotis,call,Japan,,https://xeno-canto.org/470237/download,Rolf A. de By,https://creativecommons.org/licenses/by-nc-sa/4.0/,"Rolf A. de By via xeno-canto.org (XC470237), https://creativecommons.org/licenses/by-nc-sa/4.0/",pending,v1,,470237,1:08
taxon-hypsipetes-amaurotis,call,Japan,,https://xeno-canto.org/466085/download,Gareth K.,https://creativecommons.org/licenses/by-nc-sa/4.0/,"Gareth K. via xeno-canto.org (XC466085), https://creativecommons.org/licenses/by-nc-sa/4.0/",pending,v1,,466085,0:05
taxon-hypsipetes-amaurotis,call,South Korea,,https://xeno-canto.org/464613/download,Martin Sutherland,https://creativecommons.org/licenses/by-nc-sa/4.0/,"Martin Sutherland via xeno-canto.org (XC464613), https://creativecommons.org/licenses/by-nc-sa/4.0/",pending,v1,,464613,1:24
taxon-hypsipetes-amaurotis,call,Japan,,https://xeno-canto.org/409337/download,Guy Kirwan,https://creativecommons.org/licenses/by-nc-sa/4.0/,"Guy Kirwan via xeno-canto.org (XC409337), https://creativecommons.org/licenses/by-nc-sa/4.0/",pending,v1,,409337,0:08
taxon-hypsipetes-amaurotis,call,Japan,,https://xeno-canto.org/409278/download,Guy Kirwan,https://creativecommons.org/licenses/by-nc-sa/4.0/,"Guy Kirwan via xeno-canto.org (XC409278), https://creativecommons.org/licenses/by-nc-sa/4.0/",pending,v1,,409278,0:54
taxon-hypsipetes-amaurotis,call,Japan,,https://xeno-canto.org/409025/download,Guy Kirwan,https://creativecommons.org/licenses/by-nc-sa/4.0/,"Guy Kirwan via xeno-canto.org (XC409025), https://creativecommons.org/licenses/by-nc-sa/4.0/",pending,v1,,409025,0:38
taxon-hypsipetes-amaurotis,call,South Korea,,https://xeno-canto.org/332823/download,Jim Holmes,https://creativecommons.org/licenses/by-nc-sa/4.0/,"Jim Holmes via xeno-canto.org (XC332823), https://creativecommons.org/licenses/by-nc-sa/4.0/",pending,v1,,332823,0:44
taxon-hypsipetes-amaurotis,call,South Korea,,https://xeno-canto.org/332818/download,Jim Holmes,https://creativecommons.org/licenses/by-nc-sa/4.0/,"Jim Holmes via xeno-canto.org (XC332818), https://creativecommons.org/licenses/by-nc-sa/4.0/",pending,v1,,332818,0:08
taxon-hypsipetes-amaurotis,call,South Korea,,https://xeno-canto.org/332817/download,Jim Holmes,https://creativecommons.org/licenses/by-nc-sa/4.0/,"Jim Holmes via xeno-canto.org (XC332817), https://creativecommons.org/licenses/by-nc-sa/4.0/",pending,v1,,332817,0:04
taxon-hypsipetes-amaurotis,call,China,,https://xeno-canto.org/295956/download,Tom Beeke,https://creativecommons.org/licenses/by-nc-sa/4.0/,"Tom Beeke via xeno-canto.org (XC295956), https://creativecommons.org/licenses/by-nc-sa/4.0/",pending,v1,,295956,0:22
taxon-hypsipetes-amaurotis,call,Japan,,https://xeno-canto.org/200439/download,Meena Haribal,https://creativecommons.org/licenses/by-nc-sa/4.0/,"Meena Haribal via xeno-canto.org (XC200439), https://creativecommons.org/licenses/by-nc-sa/4.0/",pending,v1,,200439,2:38
taxon-hypsipetes-amaurotis,call,South Korea,,https://xeno-canto.org/194692/download,Ross Gallardy,https://creativecommons.org/licenses/by-nc-sa/4.0/,"Ross Gallardy via xeno-canto.org (XC194692), https://creativecommons.org/licenses/by-nc-sa/4.0/",pending,v1,,194692,0:52
taxon-hypsipetes-amaurotis,call,South Korea,,https://xeno-canto.org/194691/download,Ross Gallardy,https://creativecommons.org/licenses/by-nc-sa/4.0/,"Ross Gallardy via xeno-canto.org (XC194691), https://creativecommons.org/licenses/by-nc-sa/4.0/",pending,v1,,194691,0:14
taxon-hypsipetes-amaurotis,call,South Korea,,https://xeno-canto.org/194690/download,Ross Gallardy,https://creativecommons.org/licenses/by-nc-sa/4.0/,"Ross Gallardy via xeno-canto.org (XC194690), https://creativecommons.org/licenses/by-nc-sa/4.0/",pending,v1,,194690,0:20
taxon-hypsipetes-amaurotis,call,South Korea,,https://xeno-canto.org/194689/download,Ross Gallardy,https://creativecommons.org/licenses/by-nc-sa/4.0/,"Ross Gallardy via xeno-canto.org (XC194689), https://creativecommons.org/licenses/by-nc-sa/4.0/",pending,v1,,194689,1:13
taxon-hypsipetes-amaurotis,call,South Korea,,https://xeno-canto.org/194380/download,Ross Gallardy,https://creativecommons.org/licenses/by-nc-sa/4.0/,"Ross Gallardy via xeno-canto.org (XC194380), https://creativecommons.org/licenses/by-nc-sa/4.0/",pending,v1,,194380,0:01
taxon-hypsipetes-amaurotis,call,South Korea,,https://xeno-canto.org/179487/download,Patrick Blake,https://creativecommons.org/licenses/by-nc-sa/4.0/,"Patrick Blake via xeno-canto.org (XC179487), https://creativecommons.org/licenses/by-nc-sa/4.0/",pending,v1,,179487,1:26
taxon-hypsipetes-amaurotis,call,South Korea,,https://xeno-canto.org/175796/download,Stuart Fisher,https://creativecommons.org/licenses/by-nc-sa/4.0/,"Stuart Fisher via xeno-canto.org (XC175796), https://creativecommons.org/licenses/by-nc-sa/4.0/",pending,v1,,175796,0:33
taxon-hypsipetes-amaurotis,call,South Korea,,https://xeno-canto.org/175795/download,Stuart Fisher,https://creativecommons.org/licenses/by-nc-sa/4.0/,"Stuart Fisher via xeno-canto.org (XC175795), https://creativecommons.org/licenses/by-nc-sa/4.0/",pending,v1,,175795,1:00
taxon-hypsipetes-amaurotis,call,South Korea,,https://xeno-canto.org/1097341/download,Uku Paal,https://creativecommons.org/licenses/by-nc-sa/4.0/,"Uku Paal via xeno-canto.org (XC1097341), https://creativecommons.org/licenses/by-nc-sa/4.0/",pending,v1,,1097341,0:11
taxon-hypsipetes-amaurotis,call,Japan,,https://xeno-canto.org/1016605/download,Uku Paal,https://creativecommons.org/licenses/by-nc-sa/4.0/,"Uku Paal via xeno-canto.org (XC1016605), https://creativecommons.org/licenses/by-nc-sa/4.0/",pending,v1,,1016605,1:27
taxon-hypsipetes-amaurotis,call,Japan,,https://xeno-canto.org/915193/download,Uku Paal,https://creativecommons.org/licenses/by-nc-sa/4.0/,"Uku Paal via xeno-canto.org (XC915193), https://creativecommons.org/licenses/by-nc-sa/4.0/",pending,v1,,915193,0:06
taxon-hypsipetes-amaurotis,call,Japan,,https://xeno-canto.org/915178/download,Uku Paal,https://creativecommons.org/licenses/by-nc-sa/4.0/,"Uku Paal via xeno-canto.org (XC915178), https://creativecommons.org/licenses/by-nc-sa/4.0/",pending,v1,,915178,0:38
taxon-hypsipetes-amaurotis,call,Japan,,https://xeno-canto.org/915177/download,Uku Paal,https://creativecommons.org/licenses/by-nc-sa/4.0/,"Uku Paal via xeno-canto.org (XC915177), https://creativecommons.org/licenses/by-nc-sa/4.0/",pending,v1,,915177,0:12
taxon-hypsipetes-amaurotis,call,Japan,,https://xeno-canto.org/915062/download,Uku Paal,https://creativecommons.org/licenses/by-nc-sa/4.0/,"Uku Paal via xeno-canto.org (XC915062), https://creativecommons.org/licenses/by-nc-sa/4.0/",pending,v1,,915062,0:06
taxon-hypsipetes-amaurotis,call,China,,https://xeno-canto.org/891344/download,Dave GUO,https://creativecommons.org/licenses/by-nc-sa/4.0/,"Dave GUO via xeno-canto.org (XC891344), https://creativecommons.org/licenses/by-nc-sa/4.0/",pending,v1,,891344,0:28
taxon-hypsipetes-amaurotis,call,China,,https://xeno-canto.org/891338/download,Dave GUO,https://creativecommons.org/licenses/by-nc-sa/4.0/,"Dave GUO via xeno-canto.org (XC891338), https://creativecommons.org/licenses/by-nc-sa/4.0/",pending,v1,,891338,0:11
taxon-hypsipetes-amaurotis,call,Japan,,https://xeno-canto.org/841024/download,GABRIEL LEITE,https://creativecommons.org/licenses/by-nc-sa/4.0/,"GABRIEL LEITE via xeno-canto.org (XC841024), https://creativecommons.org/licenses/by-nc-sa/4.0/",pending,v1,,841024,0:16
taxon-hypsipetes-amaurotis,call,Japan,,https://xeno-canto.org/841023/download,GABRIEL LEITE,https://creativecommons.org/licenses/by-nc-sa/4.0/,"GABRIEL LEITE via xeno-canto.org (XC841023), https://creativecommons.org/licenses/by-nc-sa/4.0/",pending,v1,,841023,0:27
taxon-hypsipetes-amaurotis,call,Japan,,https://xeno-canto.org/840300/download,Burooj Ghani,https://creativecommons.org/licenses/by-nc-sa/4.0/,"Burooj Ghani via xeno-canto.org (XC840300), https://creativecommons.org/licenses/by-nc-sa/4.0/",pending,v1,,840300,0:03
taxon-hypsipetes-amaurotis,call,China,,https://xeno-canto.org/838644/download,Bo Shunqi 薄顺奇,https://creativecommons.org/licenses/by-nc-sa/4.0/,"Bo Shunqi 薄顺奇 via xeno-canto.org (XC838644), https://creativecommons.org/licenses/by-nc-sa/4.0/",pending,v1,,838644,0:11
taxon-hypsipetes-amaurotis,call,Taiwan,,https://xeno-canto.org/797784/download,Chi-Hsuan Shao,https://creativecommons.org/licenses/by-nc-sa/4.0/,"Chi-Hsuan Shao via xeno-canto.org (XC797784), https://creativecommons.org/licenses/by-nc-sa/4.0/",pending,v1,,797784,0:53
taxon-hypsipetes-amaurotis,call,China,,https://xeno-canto.org/797715/download,Dave GUO,https://creativecommons.org/licenses/by-nc-sa/4.0/,"Dave GUO via xeno-canto.org (XC797715), https://creativecommons.org/licenses/by-nc-sa/4.0/",pending,v1,,797715,2:03
taxon-hypsipetes-amaurotis,call,China,,https://xeno-canto.org/797713/download,Dave GUO,https://creativecommons.org/licenses/by-nc-sa/4.0/,"Dave GUO via xeno-canto.org (XC797713), https://creativecommons.org/licenses/by-nc-sa/4.0/",pending,v1,,797713,0:48
taxon-passer-montanus,call,Spain,,https://xeno-canto.org/1157664/download,João Ferreira Tomás,https://creativecommons.org/licenses/by-nc-sa/4.0/,"João Ferreira Tomás via xeno-canto.org (XC1157664), https://creativecommons.org/licenses/by-nc-sa/4.0/",pending,v1,,1157664,0:47
taxon-passer-montanus,call,Sweden,,https://xeno-canto.org/1146588/download,Louis-Marie Gourmelon,https://creativecommons.org/licenses/by-nc-sa/4.0/,"Louis-Marie Gourmelon via xeno-canto.org (XC1146588), https://creativecommons.org/licenses/by-nc-sa/4.0/",pending,v1,,1146588,0:39
taxon-passer-montanus,call,Austria,,https://xeno-canto.org/1140331/download,Walter Wallner,https://creativecommons.org/licenses/by-nc-sa/4.0/,"Walter Wallner via xeno-canto.org (XC1140331), https://creativecommons.org/licenses/by-nc-sa/4.0/",pending,v1,,1140331,1:21
taxon-passer-montanus,call,Austria,,https://xeno-canto.org/1139418/download,Walter Wallner,https://creativecommons.org/licenses/by-nc-sa/4.0/,"Walter Wallner via xeno-canto.org (XC1139418), https://creativecommons.org/licenses/by-nc-sa/4.0/",pending,v1,,1139418,0:54
taxon-passer-montanus,call,United Kingdom,,https://xeno-canto.org/1138885/download,Simon Gillings,https://creativecommons.org/licenses/by-nc-sa/4.0/,"Simon Gillings via xeno-canto.org (XC1138885), https://creativecommons.org/licenses/by-nc-sa/4.0/",pending,v1,,1138885,2:13
taxon-passer-montanus,call,Germany,,https://xeno-canto.org/1133464/download,Beatrix Saadi-Varchmin,https://creativecommons.org/licenses/by-nc-sa/4.0/,"Beatrix Saadi-Varchmin via xeno-canto.org (XC1133464), https://creativecommons.org/licenses/by-nc-sa/4.0/",pending,v1,,1133464,2:02
taxon-passer-montanus,call,Germany,,https://xeno-canto.org/1133463/download,Beatrix Saadi-Varchmin,https://creativecommons.org/licenses/by-nc-sa/4.0/,"Beatrix Saadi-Varchmin via xeno-canto.org (XC1133463), https://creativecommons.org/licenses/by-nc-sa/4.0/",pending,v1,,1133463,2:31
taxon-passer-montanus,call,Germany,,https://xeno-canto.org/1133462/download,Beatrix Saadi-Varchmin,https://creativecommons.org/licenses/by-nc-sa/4.0/,"Beatrix Saadi-Varchmin via xeno-canto.org (XC1133462), https://creativecommons.org/licenses/by-nc-sa/4.0/",pending,v1,,1133462,0:58
taxon-passer-montanus,call,Germany,,https://xeno-canto.org/1133448/download,Beatrix Saadi-Varchmin,https://creativecommons.org/licenses/by-nc-sa/4.0/,"Beatrix Saadi-Varchmin via xeno-canto.org (XC1133448), https://creativecommons.org/licenses/by-nc-sa/4.0/",pending,v1,,1133448,0:22
taxon-passer-montanus,call,Germany,,https://xeno-canto.org/1133437/download,Beatrix Saadi-Varchmin,https://creativecommons.org/licenses/by-nc-sa/4.0/,"Beatrix Saadi-Varchmin via xeno-canto.org (XC1133437), https://creativecommons.org/licenses/by-nc-sa/4.0/",pending,v1,,1133437,0:46
taxon-passer-montanus,call,Poland,,https://xeno-canto.org/1104910/download,Romuald Mikusek,https://creativecommons.org/licenses/by-nc-sa/4.0/,"Romuald Mikusek via xeno-canto.org (XC1104910), https://creativecommons.org/licenses/by-nc-sa/4.0/",pending,v1,,1104910,0:34
taxon-passer-montanus,call,Finland,,https://xeno-canto.org/1094306/download,Hannu Varkki,https://creativecommons.org/licenses/by-nc-sa/4.0/,"Hannu Varkki via xeno-canto.org (XC1094306), https://creativecommons.org/licenses/by-nc-sa/4.0/",pending,v1,,1094306,0:14
taxon-passer-montanus,call,Sweden,,https://xeno-canto.org/1085919/download,Petter Westberg,https://creativecommons.org/licenses/by-nc-sa/4.0/,"Petter Westberg via xeno-canto.org (XC1085919), https://creativecommons.org/licenses/by-nc-sa/4.0/",pending,v1,,1085919,0:31
taxon-passer-montanus,call,Georgia,,https://xeno-canto.org/1062520/download,János Schadl,https://creativecommons.org/licenses/by-nc-sa/4.0/,"János Schadl via xeno-canto.org (XC1062520), https://creativecommons.org/licenses/by-nc-sa/4.0/",pending,v1,,1062520,0:12
taxon-passer-montanus,call,Poland,,https://xeno-canto.org/1029103/download,Romuald Mikusek,https://creativecommons.org/licenses/by-nc-sa/4.0/,"Romuald Mikusek via xeno-canto.org (XC1029103), https://creativecommons.org/licenses/by-nc-sa/4.0/",pending,v1,,1029103,0:12
taxon-passer-montanus,call,Mongolia,,https://xeno-canto.org/1027901/download,Richard E. Webster,https://creativecommons.org/licenses/by-nc-sa/4.0/,"Richard E. Webster via xeno-canto.org (XC1027901), https://creativecommons.org/licenses/by-nc-sa/4.0/",pending,v1,,1027901,2:11
taxon-passer-montanus,call,Mongolia,,https://xeno-canto.org/1027898/download,Richard E. Webster,https://creativecommons.org/licenses/by-nc-sa/4.0/,"Richard E. Webster via xeno-canto.org (XC1027898), https://creativecommons.org/licenses/by-nc-sa/4.0/",pending,v1,,1027898,1:11
taxon-passer-montanus,call,Spain,,https://xeno-canto.org/997051/download,João Tomás,https://creativecommons.org/licenses/by-nc-sa/4.0/,"João Tomás via xeno-canto.org (XC997051), https://creativecommons.org/licenses/by-nc-sa/4.0/",pending,v1,,997051,2:07
taxon-passer-montanus,call,Slovenia,,https://xeno-canto.org/990523/download,João Tomás,https://creativecommons.org/licenses/by-nc-sa/4.0/,"João Tomás via xeno-canto.org (XC990523), https://creativecommons.org/licenses/by-nc-sa/4.0/",pending,v1,,990523,1:21
taxon-passer-montanus,call,Slovakia,,https://xeno-canto.org/966257/download,Vladimír Nemček,https://creativecommons.org/licenses/by-nc-sa/4.0/,"Vladimír Nemček via xeno-canto.org (XC966257), https://creativecommons.org/licenses/by-nc-sa/4.0/",pending,v1,,966257,1:05
taxon-passer-montanus,call,Spain,,https://xeno-canto.org/966188/download,João Tomás,https://creativecommons.org/licenses/by-nc-sa/4.0/,"João Tomás via xeno-canto.org (XC966188), https://creativecommons.org/licenses/by-nc-sa/4.0/",pending,v1,,966188,0:50
taxon-passer-montanus,call,Turkey,,https://xeno-canto.org/964945/download,András Schmidt,https://creativecommons.org/licenses/by-nc-sa/4.0/,"András Schmidt via xeno-canto.org (XC964945), https://creativecommons.org/licenses/by-nc-sa/4.0/",pending,v1,,964945,0:00
taxon-passer-montanus,call,Norway,,https://xeno-canto.org/936173/download,Stein Ø. Nilsen,https://creativecommons.org/licenses/by-nc-sa/4.0/,"Stein Ø. Nilsen via xeno-canto.org (XC936173), https://creativecommons.org/licenses/by-nc-sa/4.0/",pending,v1,,936173,2:44
taxon-passer-montanus,call,Poland,,https://xeno-canto.org/924137/download,Grzegorz Lorek,https://creativecommons.org/licenses/by-nc-sa/4.0/,"Grzegorz Lorek via xeno-canto.org (XC924137), https://creativecommons.org/licenses/by-nc-sa/4.0/",pending,v1,,924137,3:12
taxon-passer-montanus,call,Mongolia,,https://xeno-canto.org/899208/download,Geoff Carey,https://creativecommons.org/licenses/by-nc-sa/4.0/,"Geoff Carey via xeno-canto.org (XC899208), https://creativecommons.org/licenses/by-nc-sa/4.0/",pending,v1,,899208,0:50
taxon-passer-montanus,call,Mongolia,,https://xeno-canto.org/899207/download,Geoff Carey,https://creativecommons.org/licenses/by-nc-sa/4.0/,"Geoff Carey via xeno-canto.org (XC899207), https://creativecommons.org/licenses/by-nc-sa/4.0/",pending,v1,,899207,0:23
taxon-passer-montanus,call,Mongolia,,https://xeno-canto.org/899206/download,Geoff Carey,https://creativecommons.org/licenses/by-nc-sa/4.0/,"Geoff Carey via xeno-canto.org (XC899206), https://creativecommons.org/licenses/by-nc-sa/4.0/",pending,v1,,899206,1:28
taxon-passer-montanus,call,China,,https://xeno-canto.org/899199/download,Geoff Carey,https://creativecommons.org/licenses/by-nc-sa/4.0/,"Geoff Carey via xeno-canto.org (XC899199), https://creativecommons.org/licenses/by-nc-sa/4.0/",pending,v1,,899199,0:15
taxon-passer-montanus,call,China,,https://xeno-canto.org/899193/download,Geoff Carey,https://creativecommons.org/licenses/by-nc-sa/4.0/,"Geoff Carey via xeno-canto.org (XC899193), https://creativecommons.org/licenses/by-nc-sa/4.0/",pending,v1,,899193,0:57
taxon-passer-montanus,call,China,,https://xeno-canto.org/899188/download,Geoff Carey,https://creativecommons.org/licenses/by-nc-sa/4.0/,"Geoff Carey via xeno-canto.org (XC899188), https://creativecommons.org/licenses/by-nc-sa/4.0/",pending,v1,,899188,0:28
taxon-passer-montanus,call,Czech Republic,,https://xeno-canto.org/896245/download,Latal,https://creativecommons.org/licenses/by/4.0/,"Latal via xeno-canto.org (XC896245), https://creativecommons.org/licenses/by/4.0/",pending,v1,,896245,3:37
taxon-passer-montanus,call,Mongolia,,https://xeno-canto.org/833576/download,Martin Billard,https://creativecommons.org/licenses/by-nc-sa/4.0/,"Martin Billard via xeno-canto.org (XC833576), https://creativecommons.org/licenses/by-nc-sa/4.0/",pending,v1,,833576,0:18
taxon-passer-montanus,call,Japan,,https://xeno-canto.org/822131/download,Markus Jacobs,https://creativecommons.org/licenses/by-nc-sa/4.0/,"Markus Jacobs via xeno-canto.org (XC822131), https://creativecommons.org/licenses/by-nc-sa/4.0/",pending,v1,,822131,3:10
taxon-passer-montanus,call,Estonia,,https://xeno-canto.org/814640/download,Uku Paal,https://creativecommons.org/licenses/by-nc-sa/4.0/,"Uku Paal via xeno-canto.org (XC814640), https://creativecommons.org/licenses/by-nc-sa/4.0/",pending,v1,,814640,0:59
taxon-passer-montanus,call,China,,https://xeno-canto.org/804460/download,Bo Shunqi 薄顺奇,https://creativecommons.org/licenses/by-nc-sa/4.0/,"Bo Shunqi 薄顺奇 via xeno-canto.org (XC804460), https://creativecommons.org/licenses/by-nc-sa/4.0/",pending,v1,,804460,0:09
taxon-passer-montanus,call,Hungary,,https://xeno-canto.org/770222/download,Michel Veldt,https://creativecommons.org/licenses/by-nc-sa/4.0/,"Michel Veldt via xeno-canto.org (XC770222), https://creativecommons.org/licenses/by-nc-sa/4.0/",pending,v1,,770222,7:59
taxon-passer-montanus,call,Germany,,https://xeno-canto.org/758175/download,W. Agster,https://creativecommons.org/licenses/by-nc-sa/4.0/,"W. Agster via xeno-canto.org (XC758175), https://creativecommons.org/licenses/by-nc-sa/4.0/",pending,v1,,758175,0:10
taxon-passer-montanus,call,Switzerland,,https://xeno-canto.org/723977/download,Peter Ertl,https://creativecommons.org/licenses/by-nc-sa/4.0/,"Peter Ertl via xeno-canto.org (XC723977), https://creativecommons.org/licenses/by-nc-sa/4.0/",pending,v1,,723977,0:57
taxon-passer-montanus,call,Spain,,https://xeno-canto.org/721996/download,SonoNatura,https://creativecommons.org/licenses/by-nc-sa/4.0/,"SonoNatura via xeno-canto.org (XC721996), https://creativecommons.org/licenses/by-nc-sa/4.0/",pending,v1,,721996,1:49
taxon-passer-montanus,call,Spain,,https://xeno-canto.org/721995/download,SonoNatura,https://creativecommons.org/licenses/by-nc-sa/4.0/,"SonoNatura via xeno-canto.org (XC721995), https://creativecommons.org/licenses/by-nc-sa/4.0/",pending,v1,,721995,2:05
taxon-passer-montanus,call,Sweden,,https://xeno-canto.org/716066/download,Lars Edenius,https://creativecommons.org/licenses/by-nc-sa/4.0/,"Lars Edenius via xeno-canto.org (XC716066), https://creativecommons.org/licenses/by-nc-sa/4.0/",pending,v1,,716066,0:13
taxon-passer-montanus,call,Sweden,,https://xeno-canto.org/715544/download,Lars Edenius,https://creativecommons.org/licenses/by-nc-sa/4.0/,"Lars Edenius via xeno-canto.org (XC715544), https://creativecommons.org/licenses/by-nc-sa/4.0/",pending,v1,,715544,0:29
taxon-passer-montanus,call,China,,https://xeno-canto.org/710702/download,Ray Tsu 诸仁,https://creativecommons.org/licenses/by-nc-sa/4.0/,"Ray Tsu 诸仁 via xeno-canto.org (XC710702), https://creativecommons.org/licenses/by-nc-sa/4.0/",pending,v1,,710702,5:35
taxon-passer-montanus,call,China,,https://xeno-canto.org/710693/download,Ray Tsu 诸仁,https://creativecommons.org/licenses/by-nc-sa/4.0/,"Ray Tsu 诸仁 via xeno-canto.org (XC710693), https://creativecommons.org/licenses/by-nc-sa/4.0/",pending,v1,,710693,2:47
taxon-passer-montanus,call,China,,https://xeno-canto.org/710686/download,Ray Tsu 诸仁,https://creativecommons.org/licenses/by-nc-sa/4.0/,"Ray Tsu 诸仁 via xeno-canto.org (XC710686), https://creativecommons.org/licenses/by-nc-sa/4.0/",pending,v1,,710686,0:30
taxon-passer-montanus,call,China,,https://xeno-canto.org/710683/download,Ray Tsu 诸仁,https://creativecommons.org/licenses/by-nc-sa/4.0/,"Ray Tsu 诸仁 via xeno-canto.org (XC710683), https://creativecommons.org/licenses/by-nc-sa/4.0/",pending,v1,,710683,1:01
taxon-passer-montanus,call,China,,https://xeno-canto.org/710681/download,Ray Tsu 诸仁,https://creativecommons.org/licenses/by-nc-sa/4.0/,"Ray Tsu 诸仁 via xeno-canto.org (XC710681), https://creativecommons.org/licenses/by-nc-sa/4.0/",pending,v1,,710681,0:56
taxon-passer-montanus,call,Sweden,,https://xeno-canto.org/709534/download,Alan Dalton,https://creativecommons.org/licenses/by-nc-sa/4.0/,"Alan Dalton via xeno-canto.org (XC709534), https://creativecommons.org/licenses/by-nc-sa/4.0/",pending,v1,,709534,1:13
taxon-passer-montanus,call,Sweden,,https://xeno-canto.org/704316/download,Lars Edenius,https://creativecommons.org/licenses/by-nc-sa/4.0/,"Lars Edenius via xeno-canto.org (XC704316), https://creativecommons.org/licenses/by-nc-sa/4.0/",pending,v1,,704316,0:26
taxon-passer-montanus,call,Sweden,,https://xeno-canto.org/704315/download,Lars Edenius,https://creativecommons.org/licenses/by-nc-sa/4.0/,"Lars Edenius via xeno-canto.org (XC704315), https://creativecommons.org/licenses/by-nc-sa/4.0/",pending,v1,,704315,0:24
taxon-passer-montanus,call,Italy,,https://xeno-canto.org/700325/download,Francesco Sottile,https://creativecommons.org/licenses/by-nc-sa/4.0/,"Francesco Sottile via xeno-canto.org (XC700325), https://creativecommons.org/licenses/by-nc-sa/4.0/",pending,v1,,700325,0:58
taxon-passer-montanus,call,Denmark,,https://xeno-canto.org/697536/download,Jens Kirkeby,https://creativecommons.org/licenses/by-nc-sa/4.0/,"Jens Kirkeby via xeno-canto.org (XC697536), https://creativecommons.org/licenses/by-nc-sa/4.0/",pending,v1,,697536,1:45
taxon-passer-montanus,call,Sweden,,https://xeno-canto.org/690645/download,Lars Edenius,https://creativecommons.org/licenses/by-nc-sa/4.0/,"Lars Edenius via xeno-canto.org (XC690645), https://creativecommons.org/licenses/by-nc-sa/4.0/",pending,v1,,690645,0:24
taxon-passer-montanus,call,Sweden,,https://xeno-canto.org/685161/download,Lars Edenius,https://creativecommons.org/licenses/by-nc-sa/4.0/,"Lars Edenius via xeno-canto.org (XC685161), https://creativecommons.org/licenses/by-nc-sa/4.0/",pending,v1,,685161,0:23
taxon-passer-montanus,call,Sweden,,https://xeno-canto.org/685096/download,Lars Edenius,https://creativecommons.org/licenses/by-nc-sa/4.0/,"Lars Edenius via xeno-canto.org (XC685096), https://creativecommons.org/licenses/by-nc-sa/4.0/",pending,v1,,685096,0:35
taxon-passer-montanus,call,Sweden,,https://xeno-canto.org/683216/download,Lars Edenius,https://creativecommons.org/licenses/by-nc-sa/4.0/,"Lars Edenius via xeno-canto.org (XC683216), https://creativecommons.org/licenses/by-nc-sa/4.0/",pending,v1,,683216,0:15
taxon-passer-montanus,call,Sweden,,https://xeno-canto.org/680158/download,Martin Fransson,https://creativecommons.org/licenses/by-nc-sa/4.0/,"Martin Fransson via xeno-canto.org (XC680158), https://creativecommons.org/licenses/by-nc-sa/4.0/",pending,v1,,680158,0:31
taxon-passer-montanus,call,Estonia,,https://xeno-canto.org/674826/download,Uku Paal,https://creativecommons.org/licenses/by-nc-sa/4.0/,"Uku Paal via xeno-canto.org (XC674826), https://creativecommons.org/licenses/by-nc-sa/4.0/",pending,v1,,674826,0:16
taxon-passer-montanus,call,Sweden,,https://xeno-canto.org/670877/download,Lars Edenius,https://creativecommons.org/licenses/by-nc-sa/4.0/,"Lars Edenius via xeno-canto.org (XC670877), https://creativecommons.org/licenses/by-nc-sa/4.0/",pending,v1,,670877,0:36
taxon-passer-montanus,call,Sweden,,https://xeno-canto.org/670876/download,Lars Edenius,https://creativecommons.org/licenses/by-nc-sa/4.0/,"Lars Edenius via xeno-canto.org (XC670876), https://creativecommons.org/licenses/by-nc-sa/4.0/",pending,v1,,670876,0:05
taxon-passer-montanus,call,Poland,,https://xeno-canto.org/665124/download,Ireneusz Oleksik,https://creativecommons.org/licenses/by-nc-sa/4.0/,"Ireneusz Oleksik via xeno-canto.org (XC665124), https://creativecommons.org/licenses/by-nc-sa/4.0/",pending,v1,,665124,0:17
taxon-passer-montanus,call,Netherlands,,https://xeno-canto.org/664001/download,Susanne Kuijpers,https://creativecommons.org/licenses/by-nc-sa/4.0/,"Susanne Kuijpers via xeno-canto.org (XC664001), https://creativecommons.org/licenses/by-nc-sa/4.0/",pending,v1,,664001,0:25
taxon-passer-montanus,call,Sweden,,https://xeno-canto.org/660618/download,Lars Edenius,https://creativecommons.org/licenses/by-nc-sa/4.0/,"Lars Edenius via xeno-canto.org (XC660618), https://creativecommons.org/licenses/by-nc-sa/4.0/",pending,v1,,660618,0:31
taxon-passer-montanus,call,Sweden,,https://xeno-canto.org/659801/download,Martin Fransson,https://creativecommons.org/licenses/by-nc-sa/4.0/,"Martin Fransson via xeno-canto.org (XC659801), https://creativecommons.org/licenses/by-nc-sa/4.0/",pending,v1,,659801,0:22
taxon-passer-montanus,call,Taiwan,,https://xeno-canto.org/658100/download,Sunny Tseng,https://creativecommons.org/licenses/by-nc-sa/4.0/,"Sunny Tseng via xeno-canto.org (XC658100), https://creativecommons.org/licenses/by-nc-sa/4.0/",pending,v1,,658100,0:35
taxon-passer-montanus,call,Taiwan,,https://xeno-canto.org/658099/download,Sunny Tseng,https://creativecommons.org/licenses/by-nc-sa/4.0/,"Sunny Tseng via xeno-canto.org (XC658099), https://creativecommons.org/licenses/by-nc-sa/4.0/",pending,v1,,658099,2:08
taxon-passer-montanus,call,Taiwan,,https://xeno-canto.org/657799/download,Sunny Tseng,https://creativecommons.org/licenses/by-nc-sa/4.0/,"Sunny Tseng via xeno-canto.org (XC657799), https://creativecommons.org/licenses/by-nc-sa/4.0/",pending,v1,,657799,0:51
taxon-passer-montanus,call,Belarus,,https://xeno-canto.org/656079/download,Roman Cheprasov,https://creativecommons.org/licenses/by-nc-sa/4.0/,"Roman Cheprasov via xeno-canto.org (XC656079), https://creativecommons.org/licenses/by-nc-sa/4.0/",pending,v1,,656079,1:31
taxon-passer-montanus,call,Germany,,https://xeno-canto.org/652220/download,Beatrix Saadi-Varchmin,https://creativecommons.org/licenses/by-nc-sa/4.0/,"Beatrix Saadi-Varchmin via xeno-canto.org (XC652220), https://creativecommons.org/licenses/by-nc-sa/4.0/",pending,v1,,652220,1:45
taxon-passer-montanus,call,Estonia,,https://xeno-canto.org/651334/download,Uku Paal,https://creativecommons.org/licenses/by-nc-sa/4.0/,"Uku Paal via xeno-canto.org (XC651334), https://creativecommons.org/licenses/by-nc-sa/4.0/",pending,v1,,651334,0:20
taxon-passer-montanus,call,Estonia,,https://xeno-canto.org/645625/download,Uku Paal,https://creativecommons.org/licenses/by-nc-sa/4.0/,"Uku Paal via xeno-canto.org (XC645625), https://creativecommons.org/licenses/by-nc-sa/4.0/",pending,v1,,645625,0:12
taxon-passer-montanus,call,Sweden,,https://xeno-canto.org/640741/download,Lars Edenius,https://creativecommons.org/licenses/by-nc-sa/4.0/,"Lars Edenius via xeno-canto.org (XC640741), https://creativecommons.org/licenses/by-nc-sa/4.0/",pending,v1,,640741,0:24
taxon-passer-montanus,call,Sweden,,https://xeno-canto.org/636987/download,Lars Edenius,https://creativecommons.org/licenses/by-nc-sa/4.0/,"Lars Edenius via xeno-canto.org (XC636987), https://creativecommons.org/licenses/by-nc-sa/4.0/",pending,v1,,636987,0:23
taxon-passer-montanus,call,Sweden,,https://xeno-canto.org/629245/download,Alan Dalton,https://creativecommons.org/licenses/by-nc-sa/4.0/,"Alan Dalton via xeno-canto.org (XC629245), https://creativecommons.org/licenses/by-nc-sa/4.0/",pending,v1,,629245,1:20
taxon-passer-montanus,call,Sweden,,https://xeno-canto.org/629244/download,Alan Dalton,https://creativecommons.org/licenses/by-nc-sa/4.0/,"Alan Dalton via xeno-canto.org (XC629244), https://creativecommons.org/licenses/by-nc-sa/4.0/",pending,v1,,629244,1:01
taxon-passer-montanus,call,Sweden,,https://xeno-canto.org/628936/download,Lars Edenius,https://creativecommons.org/licenses/by-nc-sa/4.0/,"Lars Edenius via xeno-canto.org (XC628936), https://creativecommons.org/licenses/by-nc-sa/4.0/",pending,v1,,628936,0:32
taxon-passer-montanus,call,Sweden,,https://xeno-canto.org/620166/download,Lars Edenius,https://creativecommons.org/licenses/by-nc-sa/4.0/,"Lars Edenius via xeno-canto.org (XC620166), https://creativecommons.org/licenses/by-nc-sa/4.0/",pending,v1,,620166,0:10
taxon-passer-montanus,call,Sweden,,https://xeno-canto.org/619545/download,Lars Edenius,https://creativecommons.org/licenses/by-nc-sa/4.0/,"Lars Edenius via xeno-canto.org (XC619545), https://creativecommons.org/licenses/by-nc-sa/4.0/",pending,v1,,619545,0:48
taxon-passer-montanus,call,Estonia,,https://xeno-canto.org/615967/download,Uku Paal,https://creativecommons.org/licenses/by-nc-sa/4.0/,"Uku Paal via xeno-canto.org (XC615967), https://creativecommons.org/licenses/by-nc-sa/4.0/",pending,v1,,615967,0:35
taxon-passer-montanus,call,Estonia,,https://xeno-canto.org/615958/download,Uku Paal,https://creativecommons.org/licenses/by-nc-sa/4.0/,"Uku Paal via xeno-canto.org (XC615958), https://creativecommons.org/licenses/by-nc-sa/4.0/",pending,v1,,615958,1:14
taxon-passer-montanus,call,Estonia,,https://xeno-canto.org/612037/download,Uku Paal,https://creativecommons.org/licenses/by-nc-sa/4.0/,"Uku Paal via xeno-canto.org (XC612037), https://creativecommons.org/licenses/by-nc-sa/4.0/",pending,v1,,612037,0:50
taxon-passer-montanus,call,Estonia,,https://xeno-canto.org/611353/download,Uku Paal,https://creativecommons.org/licenses/by-nc-sa/4.0/,"Uku Paal via xeno-canto.org (XC611353), https://creativecommons.org/licenses/by-nc-sa/4.0/",pending,v1,,611353,1:07
taxon-passer-montanus,call,Hungary,,https://xeno-canto.org/591488/download,Jarek Matusiak,https://creativecommons.org/licenses/by-nc-sa/4.0/,"Jarek Matusiak via xeno-canto.org (XC591488), https://creativecommons.org/licenses/by-nc-sa/4.0/",pending,v1,,591488,0:32
taxon-passer-montanus,call,Spain,,https://xeno-canto.org/573622/download,Jordi Calvet,https://creativecommons.org/licenses/by-nc-sa/4.0/,"Jordi Calvet via xeno-canto.org (XC573622), https://creativecommons.org/licenses/by-nc-sa/4.0/",pending,v1,,573622,2:26
taxon-passer-montanus,call,Germany,,https://xeno-canto.org/567666/download,Regina Eidner,https://creativecommons.org/licenses/by-nc-sa/4.0/,"Regina Eidner via xeno-canto.org (XC567666), https://creativecommons.org/licenses/by-nc-sa/4.0/",pending,v1,,567666,0:47
taxon-passer-montanus,call,Germany,,https://xeno-canto.org/567663/download,Regina Eidner,https://creativecommons.org/licenses/by-nc-sa/4.0/,"Regina Eidner via xeno-canto.org (XC567663), https://creativecommons.org/licenses/by-nc-sa/4.0/",pending,v1,,567663,0:18
taxon-passer-montanus,call,Germany,,https://xeno-canto.org/567662/download,Regina Eidner,https://creativecommons.org/licenses/by-nc-sa/4.0/,"Regina Eidner via xeno-canto.org (XC567662), https://creativecommons.org/licenses/by-nc-sa/4.0/",pending,v1,,567662,0:26
taxon-passer-montanus,call,Germany,,https://xeno-canto.org/567661/download,Regina Eidner,https://creativecommons.org/licenses/by-nc-sa/4.0/,"Regina Eidner via xeno-canto.org (XC567661), https://creativecommons.org/licenses/by-nc-sa/4.0/",pending,v1,,567661,1:47
taxon-passer-montanus,call,Russian Federation,,https://xeno-canto.org/560273/download,Albert Lastukhin,https://creativecommons.org/licenses/by-nc-sa/4.0/,"Albert Lastukhin via xeno-canto.org (XC560273), https://creativecommons.org/licenses/by-nc-sa/4.0/",pending,v1,,560273,1:27
taxon-streptopelia-orientalis,call,China,,https://xeno-canto.org/875246/download,Ray Tsu 诸仁,https://creativecommons.org/licenses/by-nc-sa/4.0/,"Ray Tsu 诸仁 via xeno-canto.org (XC875246), https://creativecommons.org/licenses/by-nc-sa/4.0/",pending,v1,,875246,0:18
taxon-streptopelia-orientalis,call,China,,https://xeno-canto.org/875245/download,Ray Tsu 诸仁,https://creativecommons.org/licenses/by-nc-sa/4.0/,"Ray Tsu 诸仁 via xeno-canto.org (XC875245), https://creativecommons.org/licenses/by-nc-sa/4.0/",pending,v1,,875245,0:16
taxon-streptopelia-orientalis,call,China,,https://xeno-canto.org/874576/download,Ray Tsu 诸仁,https://creativecommons.org/licenses/by-nc-sa/4.0/,"Ray Tsu 诸仁 via xeno-canto.org (XC874576), https://creativecommons.org/licenses/by-nc-sa/4.0/",pending,v1,,874576,0:20
taxon-streptopelia-orientalis,call,China,,https://xeno-canto.org/872802/download,Ray Tsu 诸仁,https://creativecommons.org/licenses/by-nc-sa/4.0/,"Ray Tsu 诸仁 via xeno-canto.org (XC872802), https://creativecommons.org/licenses/by-nc-sa/4.0/",pending,v1,,872802,0:24
taxon-streptopelia-orientalis,call,China,,https://xeno-canto.org/844595/download,小菜鸟,https://creativecommons.org/licenses/by-nc-sa/4.0/,"小菜鸟 via xeno-canto.org (XC844595), https://creativecommons.org/licenses/by-nc-sa/4.0/",pending,v1,,844595,0:09
taxon-streptopelia-orientalis,call,China,,https://xeno-canto.org/844594/download,小菜鸟,https://creativecommons.org/licenses/by-nc-sa/4.0/,"小菜鸟 via xeno-canto.org (XC844594), https://creativecommons.org/licenses/by-nc-sa/4.0/",pending,v1,,844594,0:09
taxon-streptopelia-orientalis,call,China,,https://xeno-canto.org/720531/download,Bo Shunqi,https://creativecommons.org/licenses/by-nc-sa/4.0/,"Bo Shunqi via xeno-canto.org (XC720531), https://creativecommons.org/licenses/by-nc-sa/4.0/",pending,v1,,720531,0:44
taxon-streptopelia-orientalis,call,Japan,,https://xeno-canto.org/470246/download,Rolf A. de By,https://creativecommons.org/licenses/by-nc-sa/4.0/,"Rolf A. de By via xeno-canto.org (XC470246), https://creativecommons.org/licenses/by-nc-sa/4.0/",pending,v1,,470246,0:13
taxon-streptopelia-orientalis,call,Bhutan,,https://xeno-canto.org/428975/download,Jens Kirkeby,https://creativecommons.org/licenses/by-nc-sa/4.0/,"Jens Kirkeby via xeno-canto.org (XC428975), https://creativecommons.org/licenses/by-nc-sa/4.0/",pending,v1,,428975,0:37
taxon-streptopelia-orientalis,call,Japan,,https://xeno-canto.org/409198/download,Guy Kirwan,https://creativecommons.org/licenses/by-nc-sa/4.0/,"Guy Kirwan via xeno-canto.org (XC409198), https://creativecommons.org/licenses/by-nc-sa/4.0/",pending,v1,,409198,0:07
taxon-streptopelia-orientalis,call,Russian Federation,,https://xeno-canto.org/327475/download,Tom Wulf,https://creativecommons.org/licenses/by-nc-sa/4.0/,"Tom Wulf via xeno-canto.org (XC327475), https://creativecommons.org/licenses/by-nc-sa/4.0/",pending,v1,,327475,1:30
taxon-streptopelia-orientalis,call,South Korea,,https://xeno-canto.org/308246/download,Gilles Monfort,https://creativecommons.org/licenses/by-nc-sa/4.0/,"Gilles Monfort via xeno-canto.org (XC308246), https://creativecommons.org/licenses/by-nc-sa/4.0/",pending,v1,,308246,0:12
taxon-streptopelia-orientalis,call,Bhutan,,https://xeno-canto.org/19795/download,David Farrow,https://creativecommons.org/licenses/by-nc-sa/3.0/,"David Farrow via xeno-canto.org (XC19795), https://creativecommons.org/licenses/by-nc-sa/3.0/",pending,v1,,19795,0:20
taxon-streptopelia-orientalis,call,China,,https://xeno-canto.org/1086758/download,Shuangqi Liu,https://creativecommons.org/licenses/by-nc-sa/4.0/,"Shuangqi Liu via xeno-canto.org (XC1086758), https://creativecommons.org/licenses/by-nc-sa/4.0/",pending,v1,,1086758,0:12
taxon-streptopelia-orientalis,call,China,,https://xeno-canto.org/1015969/download,Dave Guo,https://creativecommons.org/licenses/by-nc-sa/4.0/,"Dave Guo via xeno-canto.org (XC1015969), https://creativecommons.org/licenses/by-nc-sa/4.0/",pending,v1,,1015969,0:14
taxon-streptopelia-orientalis,call,China,,https://xeno-canto.org/983811/download,Ray Tsu 诸仁,https://creativecommons.org/licenses/by-nc-sa/4.0/,"Ray Tsu 诸仁 via xeno-canto.org (XC983811), https://creativecommons.org/licenses/by-nc-sa/4.0/",pending,v1,,983811,0:11
taxon-streptopelia-orientalis,call,China,,https://xeno-canto.org/980772/download,Ray Tsu 诸仁,https://creativecommons.org/licenses/by-nc-sa/4.0/,"Ray Tsu 诸仁 via xeno-canto.org (XC980772), https://creativecommons.org/licenses/by-nc-sa/4.0/",pending,v1,,980772,0:24
taxon-streptopelia-orientalis,call,China,,https://xeno-canto.org/974976/download,Ray Tsu 诸仁,https://creativecommons.org/licenses/by-nc-sa/4.0/,"Ray Tsu 诸仁 via xeno-canto.org (XC974976), https://creativecommons.org/licenses/by-nc-sa/4.0/",pending,v1,,974976,0:11
taxon-streptopelia-orientalis,call,Thailand,,https://xeno-canto.org/955876/download,Greg Irving,https://creativecommons.org/licenses/by-nc-sa/4.0/,"Greg Irving via xeno-canto.org (XC955876), https://creativecommons.org/licenses/by-nc-sa/4.0/",pending,v1,,955876,0:17
taxon-streptopelia-orientalis,call,Thailand,,https://xeno-canto.org/955863/download,Greg Irving,https://creativecommons.org/licenses/by-nc-sa/4.0/,"Greg Irving via xeno-canto.org (XC955863), https://creativecommons.org/licenses/by-nc-sa/4.0/",pending,v1,,955863,2:24
taxon-streptopelia-orientalis,call,China,,https://xeno-canto.org/872831/download,Ray Tsu 诸仁,https://creativecommons.org/licenses/by-nc-sa/4.0/,"Ray Tsu 诸仁 via xeno-canto.org (XC872831), https://creativecommons.org/licenses/by-nc-sa/4.0/",pending,v1,,872831,0:14
taxon-streptopelia-orientalis,call,Russian Federation,,https://xeno-canto.org/805911/download,Vadim Ivushkin ,https://creativecommons.org/licenses/by-nc-sa/4.0/,"Vadim Ivushkin  via xeno-canto.org (XC805911), https://creativecommons.org/licenses/by-nc-sa/4.0/",pending,v1,,805911,0:10
taxon-streptopelia-orientalis,call,Nepal,,https://xeno-canto.org/790370/download,Greg Irving,https://creativecommons.org/licenses/by-nc-sa/4.0/,"Greg Irving via xeno-canto.org (XC790370), https://creativecommons.org/licenses/by-nc-sa/4.0/",pending,v1,,790370,0:10
taxon-streptopelia-orientalis,call,Nepal,,https://xeno-canto.org/787976/download,Greg Irving,https://creativecommons.org/licenses/by-nc-sa/4.0/,"Greg Irving via xeno-canto.org (XC787976), https://creativecommons.org/licenses/by-nc-sa/4.0/",pending,v1,,787976,1:04
taxon-streptopelia-orientalis,call,China,,https://xeno-canto.org/761097/download,He Wenjin,https://creativecommons.org/licenses/by-nc-sa/4.0/,"He Wenjin via xeno-canto.org (XC761097), https://creativecommons.org/licenses/by-nc-sa/4.0/",pending,v1,,761097,0:17
taxon-streptopelia-orientalis,call,China,,https://xeno-canto.org/751150/download,Ray Tsu 诸仁,https://creativecommons.org/licenses/by-nc-sa/4.0/,"Ray Tsu 诸仁 via xeno-canto.org (XC751150), https://creativecommons.org/licenses/by-nc-sa/4.0/",pending,v1,,751150,1:26
taxon-streptopelia-orientalis,call,China,,https://xeno-canto.org/724962/download,Bo Shunqi,https://creativecommons.org/licenses/by-nc-sa/4.0/,"Bo Shunqi via xeno-canto.org (XC724962), https://creativecommons.org/licenses/by-nc-sa/4.0/",pending,v1,,724962,0:17
taxon-streptopelia-orientalis,call,China,,https://xeno-canto.org/723155/download,Common Jeff（麻杰夫）,https://creativecommons.org/licenses/by-nc-sa/4.0/,"Common Jeff（麻杰夫） via xeno-canto.org (XC723155), https://creativecommons.org/licenses/by-nc-sa/4.0/",pending,v1,,723155,0:09
taxon-streptopelia-orientalis,call,China,,https://xeno-canto.org/717116/download,Ray Tsu 诸仁,https://creativecommons.org/licenses/by-nc-sa/4.0/,"Ray Tsu 诸仁 via xeno-canto.org (XC717116), https://creativecommons.org/licenses/by-nc-sa/4.0/",pending,v1,,717116,3:46
taxon-streptopelia-orientalis,call,China,,https://xeno-canto.org/714075/download,Ray Tsu 诸仁,https://creativecommons.org/licenses/by-nc-sa/4.0/,"Ray Tsu 诸仁 via xeno-canto.org (XC714075), https://creativecommons.org/licenses/by-nc-sa/4.0/",pending,v1,,714075,0:47
taxon-streptopelia-orientalis,call,Taiwan,,https://xeno-canto.org/658111/download,Sunny Tseng,https://creativecommons.org/licenses/by-nc-sa/4.0/,"Sunny Tseng via xeno-canto.org (XC658111), https://creativecommons.org/licenses/by-nc-sa/4.0/",pending,v1,,658111,0:07
taxon-streptopelia-orientalis,call,Taiwan,,https://xeno-canto.org/657028/download,Jerome Chie-Jen Ko,https://creativecommons.org/licenses/by-nc-sa/4.0/,"Jerome Chie-Jen Ko via xeno-canto.org (XC657028), https://creativecommons.org/licenses/by-nc-sa/4.0/",pending,v1,,657028,0:49
taxon-streptopelia-orientalis,call,South Korea,,https://xeno-canto.org/655377/download,Wonseok Jang,https://creativecommons.org/licenses/by-nc-sa/4.0/,"Wonseok Jang via xeno-canto.org (XC655377), https://creativecommons.org/licenses/by-nc-sa/4.0/",pending,v1,,655377,0:34
taxon-streptopelia-orientalis,call,South Korea,,https://xeno-canto.org/589138/download,Wonseok Jang,https://creativecommons.org/licenses/by-nc-sa/4.0/,"Wonseok Jang via xeno-canto.org (XC589138), https://creativecommons.org/licenses/by-nc-sa/4.0/",pending,v1,,589138,0:11
taxon-streptopelia-orientalis,call,Nepal,,https://xeno-canto.org/582557/download,Scott Connop,https://creativecommons.org/licenses/by-nc-sa/4.0/,"Scott Connop via xeno-canto.org (XC582557), https://creativecommons.org/licenses/by-nc-sa/4.0/",pending,v1,,582557,0:38
taxon-streptopelia-orientalis,call,Bhutan,,https://xeno-canto.org/508297/download,Rolf A. de By,https://creativecommons.org/licenses/by-nc-sa/4.0/,"Rolf A. de By via xeno-canto.org (XC508297), https://creativecommons.org/licenses/by-nc-sa/4.0/",pending,v1,,508297,0:26
taxon-streptopelia-orientalis,call,Russian Federation,,https://xeno-canto.org/485678/download,Stanislas Wroza,https://creativecommons.org/licenses/by-nc-sa/4.0/,"Stanislas Wroza via xeno-canto.org (XC485678), https://creativecommons.org/licenses/by-nc-sa/4.0/",pending,v1,,485678,0:22
taxon-streptopelia-orientalis,call,Russian Federation,,https://xeno-canto.org/485677/download,Stanislas Wroza,https://creativecommons.org/licenses/by-nc-sa/4.0/,"Stanislas Wroza via xeno-canto.org (XC485677), https://creativecommons.org/licenses/by-nc-sa/4.0/",pending,v1,,485677,0:20
taxon-streptopelia-orientalis,call,South Korea,,https://xeno-canto.org/464664/download,Martin Sutherland,https://creativecommons.org/licenses/by-nc-sa/4.0/,"Martin Sutherland via xeno-canto.org (XC464664), https://creativecommons.org/licenses/by-nc-sa/4.0/",pending,v1,,464664,1:08
taxon-streptopelia-orientalis,call,Russian Federation,,https://xeno-canto.org/451224/download,Vadim Ivushkin ,https://creativecommons.org/licenses/by-nc-sa/4.0/,"Vadim Ivushkin  via xeno-canto.org (XC451224), https://creativecommons.org/licenses/by-nc-sa/4.0/",pending,v1,,451224,0:11
taxon-streptopelia-orientalis,call,Russian Federation,,https://xeno-canto.org/450652/download,Vadim Ivushkin ,https://creativecommons.org/licenses/by-nc-sa/4.0/,"Vadim Ivushkin  via xeno-canto.org (XC450652), https://creativecommons.org/licenses/by-nc-sa/4.0/",pending,v1,,450652,0:24
taxon-streptopelia-orientalis,call,India,,https://xeno-canto.org/444360/download,KALYAN SINGH SAJWAN,https://creativecommons.org/licenses/by-nc-sa/4.0/,"KALYAN SINGH SAJWAN via xeno-canto.org (XC444360), https://creativecommons.org/licenses/by-nc-sa/4.0/",pending,v1,,444360,0:22
taxon-streptopelia-orientalis,call,Taiwan,,https://xeno-canto.org/442591/download,LIN Wen-Horn,https://creativecommons.org/licenses/by-nc-sa/4.0/,"LIN Wen-Horn via xeno-canto.org (XC442591), https://creativecommons.org/licenses/by-nc-sa/4.0/",pending,v1,,442591,0:08
taxon-streptopelia-orientalis,call,Bhutan,,https://xeno-canto.org/428974/download,Jens Kirkeby,https://creativecommons.org/licenses/by-nc-sa/4.0/,"Jens Kirkeby via xeno-canto.org (XC428974), https://creativecommons.org/licenses/by-nc-sa/4.0/",pending,v1,,428974,0:56
taxon-streptopelia-orientalis,call,Russian Federation,,https://xeno-canto.org/344927/download,Albert Lastukhin &amp; Yuri Glushchenko,https://creativecommons.org/licenses/by-nc-sa/4.0/,"Albert Lastukhin &amp; Yuri Glushchenko via xeno-canto.org (XC344927), https://creativecommons.org/licenses/by-nc-sa/4.0/",pending,v1,,344927,0:11
taxon-streptopelia-orientalis,call,Myanmar,,https://xeno-canto.org/290000/download,Albert Lastukhin &amp; Yuri Glushchenko,https://creativecommons.org/licenses/by-nc-sa/4.0/,"Albert Lastukhin &amp; Yuri Glushchenko via xeno-canto.org (XC290000), https://creativecommons.org/licenses/by-nc-sa/4.0/",pending,v1,,290000,0:24
taxon-streptopelia-orientalis,call,Russian Federation,,https://xeno-canto.org/266209/download,Albert Lastukhin,https://creativecommons.org/licenses/by-nc-sa/4.0/,"Albert Lastukhin via xeno-canto.org (XC266209), https://creativecommons.org/licenses/by-nc-sa/4.0/",pending,v1,,266209,2:24
taxon-streptopelia-orientalis,call,Russian Federation,,https://xeno-canto.org/266207/download,Albert Lastukhin,https://creativecommons.org/licenses/by-nc-sa/4.0/,"Albert Lastukhin via xeno-canto.org (XC266207), https://creativecommons.org/licenses/by-nc-sa/4.0/",pending,v1,,266207,2:44
taxon-streptopelia-orientalis,call,Russian Federation,,https://xeno-canto.org/266206/download,Albert Lastukhin,https://creativecommons.org/licenses/by-nc-sa/4.0/,"Albert Lastukhin via xeno-canto.org (XC266206), https://creativecommons.org/licenses/by-nc-sa/4.0/",pending,v1,,266206,1:27
taxon-streptopelia-orientalis,call,Russian Federation,,https://xeno-canto.org/266203/download,Albert Lastukhin,https://creativecommons.org/licenses/by-nc-sa/4.0/,"Albert Lastukhin via xeno-canto.org (XC266203), https://creativecommons.org/licenses/by-nc-sa/4.0/",pending,v1,,266203,2:26
taxon-streptopelia-orientalis,call,Russian Federation,,https://xeno-canto.org/266202/download,Albert Lastukhin,https://creativecommons.org/licenses/by-nc-sa/4.0/,"Albert Lastukhin via xeno-canto.org (XC266202), https://creativecommons.org/licenses/by-nc-sa/4.0/",pending,v1,,266202,3:22
taxon-streptopelia-orientalis,call,Russian Federation,,https://xeno-canto.org/266172/download,Albert Lastukhin ,https://creativecommons.org/licenses/by-nc-sa/4.0/,"Albert Lastukhin  via xeno-canto.org (XC266172), https://creativecommons.org/licenses/by-nc-sa/4.0/",pending,v1,,266172,5:40
taxon-streptopelia-orientalis,call,China,,https://xeno-canto.org/265902/download,Mike Nelson,https://creativecommons.org/licenses/by-nc-sa/4.0/,"Mike Nelson via xeno-canto.org (XC265902), https://creativecommons.org/licenses/by-nc-sa/4.0/",pending,v1,,265902,0:05
taxon-streptopelia-orientalis,call,Kazakhstan,,https://xeno-canto.org/120409/download,Patrick Franke,https://creativecommons.org/licenses/by-nc-sa/3.0/,"Patrick Franke via xeno-canto.org (XC120409), https://creativecommons.org/licenses/by-nc-sa/3.0/",pending,v1,,120409,0:53
taxon-streptopelia-orientalis,call,Sweden,,https://xeno-canto.org/29160/download,Patrik Åberg,https://creativecommons.org/licenses/by-nc-sa/3.0/,"Patrik Åberg via xeno-canto.org (XC29160), https://creativecommons.org/licenses/by-nc-sa/3.0/",pending,v1,,29160,0:09
taxon-streptopelia-orientalis,call,Taiwan,,https://xeno-canto.org/1043413/download,Lars Lachmann,https://creativecommons.org/licenses/by-nc-sa/4.0/,"Lars Lachmann via xeno-canto.org (XC1043413), https://creativecommons.org/licenses/by-nc-sa/4.0/",pending,v1,,1043413,0:12
taxon-streptopelia-orientalis,call,China,,https://xeno-canto.org/1015970/download,Dave Guo,https://creativecommons.org/licenses/by-nc-sa/4.0/,"Dave Guo via xeno-canto.org (XC1015970), https://creativecommons.org/licenses/by-nc-sa/4.0/",pending,v1,,1015970,0:53
taxon-streptopelia-orientalis,call,Czech Republic,,https://xeno-canto.org/1009665/download,Jaroslav Zeman,https://creativecommons.org/licenses/by-nc-sa/4.0/,"Jaroslav Zeman via xeno-canto.org (XC1009665), https://creativecommons.org/licenses/by-nc-sa/4.0/",pending,v1,,1009665,1:13
taxon-streptopelia-orientalis,call,China,,https://xeno-canto.org/971866/download,Ray Tsu 诸仁,https://creativecommons.org/licenses/by-nc-sa/4.0/,"Ray Tsu 诸仁 via xeno-canto.org (XC971866), https://creativecommons.org/licenses/by-nc-sa/4.0/",pending,v1,,971866,0:11
taxon-streptopelia-orientalis,call,Thailand,,https://xeno-canto.org/950872/download,Greg Irving,https://creativecommons.org/licenses/by-nc-sa/4.0/,"Greg Irving via xeno-canto.org (XC950872), https://creativecommons.org/licenses/by-nc-sa/4.0/",pending,v1,,950872,0:48
taxon-streptopelia-orientalis,call,Thailand,,https://xeno-canto.org/948895/download,Greg Irving,https://creativecommons.org/licenses/by-nc-sa/4.0/,"Greg Irving via xeno-canto.org (XC948895), https://creativecommons.org/licenses/by-nc-sa/4.0/",pending,v1,,948895,0:42
taxon-streptopelia-orientalis,call,Thailand,,https://xeno-canto.org/948894/download,Greg Irving,https://creativecommons.org/licenses/by-nc-sa/4.0/,"Greg Irving via xeno-canto.org (XC948894), https://creativecommons.org/licenses/by-nc-sa/4.0/",pending,v1,,948894,0:45
taxon-streptopelia-orientalis,call,China,,https://xeno-canto.org/940652/download,Ceoffrey Lions,https://creativecommons.org/licenses/by-nc-sa/4.0/,"Ceoffrey Lions via xeno-canto.org (XC940652), https://creativecommons.org/licenses/by-nc-sa/4.0/",pending,v1,,940652,0:10
taxon-streptopelia-orientalis,call,Mongolia,,https://xeno-canto.org/898831/download,Martin Billard,https://creativecommons.org/licenses/by-nc-sa/4.0/,"Martin Billard via xeno-canto.org (XC898831), https://creativecommons.org/licenses/by-nc-sa/4.0/",pending,v1,,898831,0:11
taxon-ardea-cinerea,call,France,,https://xeno-canto.org/1153360/download,Manuel Grosselet,https://creativecommons.org/licenses/by-nc-sa/4.0/,"Manuel Grosselet via xeno-canto.org (XC1153360), https://creativecommons.org/licenses/by-nc-sa/4.0/",pending,v1,,1153360,0:18
taxon-ardea-cinerea,call,Ireland,,https://xeno-canto.org/1102109/download,Paul Kelly,https://creativecommons.org/licenses/by-nc-sa/4.0/,"Paul Kelly via xeno-canto.org (XC1102109), https://creativecommons.org/licenses/by-nc-sa/4.0/",pending,v1,,1102109,0:06
taxon-ardea-cinerea,call,Estonia,,https://xeno-canto.org/1099051/download,Uku Paal,https://creativecommons.org/licenses/by-nc-sa/4.0/,"Uku Paal via xeno-canto.org (XC1099051), https://creativecommons.org/licenses/by-nc-sa/4.0/",pending,v1,,1099051,0:17
taxon-ardea-cinerea,call,Estonia,,https://xeno-canto.org/1099046/download,Uku Paal,https://creativecommons.org/licenses/by-nc-sa/4.0/,"Uku Paal via xeno-canto.org (XC1099046), https://creativecommons.org/licenses/by-nc-sa/4.0/",pending,v1,,1099046,0:18
taxon-ardea-cinerea,call,France,,https://xeno-canto.org/1083537/download,Valentin Toussaert,https://creativecommons.org/licenses/by-nc-sa/4.0/,"Valentin Toussaert via xeno-canto.org (XC1083537), https://creativecommons.org/licenses/by-nc-sa/4.0/",pending,v1,,1083537,0:04
taxon-ardea-cinerea,call,United Kingdom,,https://xeno-canto.org/1064015/download,Mark Plummer,https://creativecommons.org/licenses/by-nc-sa/4.0/,"Mark Plummer via xeno-canto.org (XC1064015), https://creativecommons.org/licenses/by-nc-sa/4.0/",pending,v1,,1064015,0:07
taxon-ardea-cinerea,call,Portugal,,https://xeno-canto.org/1059416/download,Jorge Leitão,https://creativecommons.org/licenses/by-nc-sa/4.0/,"Jorge Leitão via xeno-canto.org (XC1059416), https://creativecommons.org/licenses/by-nc-sa/4.0/",pending,v1,,1059416,0:05
taxon-ardea-cinerea,call,Netherlands,,https://xeno-canto.org/1054326/download,Jorge Leitão,https://creativecommons.org/licenses/by-nc-sa/4.0/,"Jorge Leitão via xeno-canto.org (XC1054326), https://creativecommons.org/licenses/by-nc-sa/4.0/",pending,v1,,1054326,0:18
taxon-ardea-cinerea,call,Netherlands,,https://xeno-canto.org/1045046/download,Susanne Kuijpers,https://creativecommons.org/licenses/by-nc-sa/4.0/,"Susanne Kuijpers via xeno-canto.org (XC1045046), https://creativecommons.org/licenses/by-nc-sa/4.0/",pending,v1,,1045046,0:12
taxon-ardea-cinerea,call,France,,https://xeno-canto.org/1045036/download,Thierry THOMAS,https://creativecommons.org/licenses/by-nc-sa/4.0/,"Thierry THOMAS via xeno-canto.org (XC1045036), https://creativecommons.org/licenses/by-nc-sa/4.0/",pending,v1,,1045036,0:31
taxon-ardea-cinerea,call,Norway,,https://xeno-canto.org/1042762/download,Stein Ø. Nilsen,https://creativecommons.org/licenses/by-nc-sa/4.0/,"Stein Ø. Nilsen via xeno-canto.org (XC1042762), https://creativecommons.org/licenses/by-nc-sa/4.0/",pending,v1,,1042762,0:08
taxon-ardea-cinerea,call,France,,https://xeno-canto.org/1034804/download,Théo Treels,https://creativecommons.org/licenses/by-nc-sa/4.0/,"Théo Treels via xeno-canto.org (XC1034804), https://creativecommons.org/licenses/by-nc-sa/4.0/",pending,v1,,1034804,0:17
taxon-ardea-cinerea,call,United Kingdom,,https://xeno-canto.org/1012296/download,Mark Newsome,https://creativecommons.org/licenses/by-nc-sa/4.0/,"Mark Newsome via xeno-canto.org (XC1012296), https://creativecommons.org/licenses/by-nc-sa/4.0/",pending,v1,,1012296,0:15
taxon-ardea-cinerea,call,United Kingdom,,https://xeno-canto.org/1012295/download,Mark Newsome,https://creativecommons.org/licenses/by-nc-sa/4.0/,"Mark Newsome via xeno-canto.org (XC1012295), https://creativecommons.org/licenses/by-nc-sa/4.0/",pending,v1,,1012295,0:12
taxon-ardea-cinerea,call,Ireland,,https://xeno-canto.org/998335/download,Paul Kelly,https://creativecommons.org/licenses/by-nc-sa/4.0/,"Paul Kelly via xeno-canto.org (XC998335), https://creativecommons.org/licenses/by-nc-sa/4.0/",pending,v1,,998335,0:08
taxon-ardea-cinerea,call,France,,https://xeno-canto.org/994509/download,Grégoire Chauvot,https://creativecommons.org/licenses/by-nc-sa/4.0/,"Grégoire Chauvot via xeno-canto.org (XC994509), https://creativecommons.org/licenses/by-nc-sa/4.0/",pending,v1,,994509,4:06
taxon-ardea-cinerea,call,United Kingdom,,https://xeno-canto.org/988168/download,David Darrell-Lambert,https://creativecommons.org/licenses/by-nc-sa/4.0/,"David Darrell-Lambert via xeno-canto.org (XC988168), https://creativecommons.org/licenses/by-nc-sa/4.0/",pending,v1,,988168,0:15
taxon-ardea-cinerea,call,Spain,,https://xeno-canto.org/947779/download,SonoNatura,https://creativecommons.org/licenses/by-nc-sa/4.0/,"SonoNatura via xeno-canto.org (XC947779), https://creativecommons.org/licenses/by-nc-sa/4.0/",pending,v1,,947779,0:15
taxon-ardea-cinerea,call,France,,https://xeno-canto.org/943596/download,Anthony ROUX,https://creativecommons.org/licenses/by-nc-sa/4.0/,"Anthony ROUX via xeno-canto.org (XC943596), https://creativecommons.org/licenses/by-nc-sa/4.0/",pending,v1,,943596,0:21
taxon-ardea-cinerea,call,United Kingdom,,https://xeno-canto.org/942970/download,Arjun Dutta,https://creativecommons.org/licenses/by-nc-sa/4.0/,"Arjun Dutta via xeno-canto.org (XC942970), https://creativecommons.org/licenses/by-nc-sa/4.0/",pending,v1,,942970,0:17
taxon-ardea-cinerea,call,Ireland,,https://xeno-canto.org/936092/download,Paul Kelly,https://creativecommons.org/licenses/by-nc-sa/4.0/,"Paul Kelly via xeno-canto.org (XC936092), https://creativecommons.org/licenses/by-nc-sa/4.0/",pending,v1,,936092,0:12
taxon-ardea-cinerea,call,Ireland,,https://xeno-canto.org/934839/download,Paul Kelly,https://creativecommons.org/licenses/by-nc-sa/4.0/,"Paul Kelly via xeno-canto.org (XC934839), https://creativecommons.org/licenses/by-nc-sa/4.0/",pending,v1,,934839,0:50
taxon-ardea-cinerea,call,Spain,,https://xeno-canto.org/926122/download,Aitor Zabala,https://creativecommons.org/licenses/by-nc-sa/4.0/,"Aitor Zabala via xeno-canto.org (XC926122), https://creativecommons.org/licenses/by-nc-sa/4.0/",pending,v1,,926122,2:13
taxon-ardea-cinerea,call,United Kingdom,,https://xeno-canto.org/895619/download,Will Scott,https://creativecommons.org/licenses/by-nc-sa/4.0/,"Will Scott via xeno-canto.org (XC895619), https://creativecommons.org/licenses/by-nc-sa/4.0/",pending,v1,,895619,0:12
taxon-ardea-cinerea,call,United Kingdom,,https://xeno-canto.org/894331/download,Mark Plummer,https://creativecommons.org/licenses/by-nc-sa/4.0/,"Mark Plummer via xeno-canto.org (XC894331), https://creativecommons.org/licenses/by-nc-sa/4.0/",pending,v1,,894331,0:30
taxon-ardea-cinerea,call,Denmark,,https://xeno-canto.org/882189/download,Christian Vemmelund Helligsø,https://creativecommons.org/licenses/by-nc-sa/4.0/,"Christian Vemmelund Helligsø via xeno-canto.org (XC882189), https://creativecommons.org/licenses/by-nc-sa/4.0/",pending,v1,,882189,0:06
taxon-ardea-cinerea,call,Ireland,,https://xeno-canto.org/862045/download,Paul Kelly,https://creativecommons.org/licenses/by-nc-sa/4.0/,"Paul Kelly via xeno-canto.org (XC862045), https://creativecommons.org/licenses/by-nc-sa/4.0/",pending,v1,,862045,0:17
taxon-ardea-cinerea,call,Ireland,,https://xeno-canto.org/845497/download,Paul Kelly,https://creativecommons.org/licenses/by-nc-sa/4.0/,"Paul Kelly via xeno-canto.org (XC845497), https://creativecommons.org/licenses/by-nc-sa/4.0/",pending,v1,,845497,0:17
taxon-ardea-cinerea,call,France,,https://xeno-canto.org/844555/download,Martin Billard,https://creativecommons.org/licenses/by-nc-sa/4.0/,"Martin Billard via xeno-canto.org (XC844555), https://creativecommons.org/licenses/by-nc-sa/4.0/",pending,v1,,844555,0:10
taxon-ardea-cinerea,call,Netherlands,,https://xeno-canto.org/841787/download,Maarten Sluijter,https://creativecommons.org/licenses/by-nc-sa/4.0/,"Maarten Sluijter via xeno-canto.org (XC841787), https://creativecommons.org/licenses/by-nc-sa/4.0/",pending,v1,,841787,0:37
taxon-ardea-cinerea,call,China,,https://xeno-canto.org/840620/download,Bo Shunqi 薄顺奇,https://creativecommons.org/licenses/by-nc-sa/4.0/,"Bo Shunqi 薄顺奇 via xeno-canto.org (XC840620), https://creativecommons.org/licenses/by-nc-sa/4.0/",pending,v1,,840620,0:10
taxon-ardea-cinerea,call,Estonia,,https://xeno-canto.org/839137/download,Uku Paal,https://creativecommons.org/licenses/by-nc-sa/4.0/,"Uku Paal via xeno-canto.org (XC839137), https://creativecommons.org/licenses/by-nc-sa/4.0/",pending,v1,,839137,0:35
taxon-ardea-cinerea,call,Ireland,,https://xeno-canto.org/837510/download,Paul Kelly,https://creativecommons.org/licenses/by-nc-sa/4.0/,"Paul Kelly via xeno-canto.org (XC837510), https://creativecommons.org/licenses/by-nc-sa/4.0/",pending,v1,,837510,0:16
taxon-ardea-cinerea,call,Ireland,,https://xeno-canto.org/832692/download,Paul Kelly,https://creativecommons.org/licenses/by-nc-sa/4.0/,"Paul Kelly via xeno-canto.org (XC832692), https://creativecommons.org/licenses/by-nc-sa/4.0/",pending,v1,,832692,0:25
taxon-ardea-cinerea,call,China,,https://xeno-canto.org/829348/download,Ray Tsu 诸仁,https://creativecommons.org/licenses/by-nc-sa/4.0/,"Ray Tsu 诸仁 via xeno-canto.org (XC829348), https://creativecommons.org/licenses/by-nc-sa/4.0/",pending,v1,,829348,0:11
taxon-ardea-cinerea,call,Ireland,,https://xeno-canto.org/821514/download,Paul Kelly,https://creativecommons.org/licenses/by-nc-sa/4.0/,"Paul Kelly via xeno-canto.org (XC821514), https://creativecommons.org/licenses/by-nc-sa/4.0/",pending,v1,,821514,0:27
taxon-ardea-cinerea,call,France,,https://xeno-canto.org/801581/download,Olivier SWIFT,https://creativecommons.org/licenses/by-nc-sa/4.0/,"Olivier SWIFT via xeno-canto.org (XC801581), https://creativecommons.org/licenses/by-nc-sa/4.0/",pending,v1,,801581,0:45
taxon-ardea-cinerea,call,Sweden,,https://xeno-canto.org/801095/download,Thomas Bergman,https://creativecommons.org/licenses/by-nc-sa/4.0/,"Thomas Bergman via xeno-canto.org (XC801095), https://creativecommons.org/licenses/by-nc-sa/4.0/",pending,v1,,801095,1:15
taxon-ardea-cinerea,call,Ireland,,https://xeno-canto.org/795292/download,Paul Kelly,https://creativecommons.org/licenses/by-nc-sa/4.0/,"Paul Kelly via xeno-canto.org (XC795292), https://creativecommons.org/licenses/by-nc-sa/4.0/",pending,v1,,795292,0:41
taxon-ardea-cinerea,call,France,,https://xeno-canto.org/789438/download,Dominique Guillerme,https://creativecommons.org/licenses/by-nc-sa/4.0/,"Dominique Guillerme via xeno-canto.org (XC789438), https://creativecommons.org/licenses/by-nc-sa/4.0/",pending,v1,,789438,0:11
taxon-ardea-cinerea,call,Spain,,https://xeno-canto.org/782720/download,Pere Josa,https://creativecommons.org/licenses/by-nc-sa/4.0/,"Pere Josa via xeno-canto.org (XC782720), https://creativecommons.org/licenses/by-nc-sa/4.0/",pending,v1,,782720,0:10
taxon-ardea-cinerea,call,Ireland,,https://xeno-canto.org/770498/download,Paul Kelly,https://creativecommons.org/licenses/by-nc-sa/4.0/,"Paul Kelly via xeno-canto.org (XC770498), https://creativecommons.org/licenses/by-nc-sa/4.0/",pending,v1,,770498,0:13
taxon-ardea-cinerea,call,Mongolia,,https://xeno-canto.org/768229/download,Stanislas Wroza,https://creativecommons.org/licenses/by-nc-sa/4.0/,"Stanislas Wroza via xeno-canto.org (XC768229), https://creativecommons.org/licenses/by-nc-sa/4.0/",pending,v1,,768229,0:56
taxon-ardea-cinerea,call,France,,https://xeno-canto.org/753024/download,Martin Billard,https://creativecommons.org/licenses/by-nc-sa/4.0/,"Martin Billard via xeno-canto.org (XC753024), https://creativecommons.org/licenses/by-nc-sa/4.0/",pending,v1,,753024,0:09
taxon-ardea-cinerea,call,Germany,,https://xeno-canto.org/741306/download,NEVILLE MADON,https://creativecommons.org/licenses/by-nc-sa/4.0/,"NEVILLE MADON via xeno-canto.org (XC741306), https://creativecommons.org/licenses/by-nc-sa/4.0/",pending,v1,,741306,0:17
taxon-ardea-cinerea,call,France,,https://xeno-canto.org/738682/download,Grégoire Chauvot,https://creativecommons.org/licenses/by-nc-sa/4.0/,"Grégoire Chauvot via xeno-canto.org (XC738682), https://creativecommons.org/licenses/by-nc-sa/4.0/",pending,v1,,738682,0:37
taxon-ardea-cinerea,call,Belgium,,https://xeno-canto.org/718390/download,Chèvremont Fabian,https://creativecommons.org/licenses/by-nc-sa/4.0/,"Chèvremont Fabian via xeno-canto.org (XC718390), https://creativecommons.org/licenses/by-nc-sa/4.0/",pending,v1,,718390,0:04
taxon-ardea-cinerea,call,Belgium,,https://xeno-canto.org/701440/download,Bernard Collet,https://creativecommons.org/licenses/by-nc-sa/4.0/,"Bernard Collet via xeno-canto.org (XC701440), https://creativecommons.org/licenses/by-nc-sa/4.0/",pending,v1,,701440,1:01
taxon-ardea-cinerea,call,France,,https://xeno-canto.org/698295/download,Olivier SWIFT, Hélène CARTAUD,https://creativecommons.org/licenses/by-nc-sa/4.0/,"Olivier SWIFT, Hélène CARTAUD via xeno-canto.org (XC698295), https://creativecommons.org/licenses/by-nc-sa/4.0/",pending,v1,,698295,0:15
taxon-ardea-cinerea,call,France,,https://xeno-canto.org/695758/download,Stanislas Wroza,https://creativecommons.org/licenses/by-nc-sa/4.0/,"Stanislas Wroza via xeno-canto.org (XC695758), https://creativecommons.org/licenses/by-nc-sa/4.0/",pending,v1,,695758,0:06
taxon-ardea-cinerea,call,France,,https://xeno-canto.org/695757/download,Stanislas Wroza,https://creativecommons.org/licenses/by-nc-sa/4.0/,"Stanislas Wroza via xeno-canto.org (XC695757), https://creativecommons.org/licenses/by-nc-sa/4.0/",pending,v1,,695757,0:10
taxon-corvus-macrorhynchos,call,China,,https://xeno-canto.org/1084683/download,Lucas CHEN,https://creativecommons.org/licenses/by-nc-sa/4.0/,"Lucas CHEN via xeno-canto.org (XC1084683), https://creativecommons.org/licenses/by-nc-sa/4.0/",pending,v1,,1084683,0:14
taxon-corvus-macrorhynchos,call,Myanmar,,https://xeno-canto.org/1078426/download,Thet Zaw Naing,https://creativecommons.org/licenses/by-nc-sa/4.0/,"Thet Zaw Naing via xeno-canto.org (XC1078426), https://creativecommons.org/licenses/by-nc-sa/4.0/",pending,v1,,1078426,0:28
taxon-corvus-macrorhynchos,call,India,,https://xeno-canto.org/1043628/download,Ujjal Kishor De,https://creativecommons.org/licenses/by-sa/4.0/,"Ujjal Kishor De via xeno-canto.org (XC1043628), https://creativecommons.org/licenses/by-sa/4.0/",pending,v1,,1043628,0:30
taxon-corvus-macrorhynchos,call,Taiwan,,https://xeno-canto.org/1028681/download,Jerome Chie-Jen Ko,https://creativecommons.org/licenses/by-nc-sa/4.0/,"Jerome Chie-Jen Ko via xeno-canto.org (XC1028681), https://creativecommons.org/licenses/by-nc-sa/4.0/",pending,v1,,1028681,0:53
taxon-corvus-macrorhynchos,call,Japan,,https://xeno-canto.org/1016633/download,Uku Paal,https://creativecommons.org/licenses/by-nc-sa/4.0/,"Uku Paal via xeno-canto.org (XC1016633), https://creativecommons.org/licenses/by-nc-sa/4.0/",pending,v1,,1016633,1:06
taxon-corvus-macrorhynchos,call,Japan,,https://xeno-canto.org/1016632/download,Uku Paal,https://creativecommons.org/licenses/by-nc-sa/4.0/,"Uku Paal via xeno-canto.org (XC1016632), https://creativecommons.org/licenses/by-nc-sa/4.0/",pending,v1,,1016632,0:07
taxon-corvus-macrorhynchos,call,Japan,,https://xeno-canto.org/1016619/download,Uku Paal,https://creativecommons.org/licenses/by-nc-sa/4.0/,"Uku Paal via xeno-canto.org (XC1016619), https://creativecommons.org/licenses/by-nc-sa/4.0/",pending,v1,,1016619,0:36
taxon-corvus-macrorhynchos,call,China,,https://xeno-canto.org/992713/download,Feather V,https://creativecommons.org/licenses/by-nc-sa/4.0/,"Feather V via xeno-canto.org (XC992713), https://creativecommons.org/licenses/by-nc-sa/4.0/",pending,v1,,992713,0:04
taxon-corvus-macrorhynchos,call,China,,https://xeno-canto.org/986610/download,Lucas-Chen,https://creativecommons.org/licenses/by-nc-sa/4.0/,"Lucas-Chen via xeno-canto.org (XC986610), https://creativecommons.org/licenses/by-nc-sa/4.0/",pending,v1,,986610,0:06
taxon-corvus-macrorhynchos,call,China,,https://xeno-canto.org/982785/download,Lucas-Chen,https://creativecommons.org/licenses/by-nc-sa/4.0/,"Lucas-Chen via xeno-canto.org (XC982785), https://creativecommons.org/licenses/by-nc-sa/4.0/",pending,v1,,982785,0:36
taxon-corvus-macrorhynchos,call,India,,https://xeno-canto.org/980496/download,David Darrell-Lambert,https://creativecommons.org/licenses/by-nc-sa/4.0/,"David Darrell-Lambert via xeno-canto.org (XC980496), https://creativecommons.org/licenses/by-nc-sa/4.0/",pending,v1,,980496,0:11
taxon-corvus-macrorhynchos,call,India,,https://xeno-canto.org/979920/download,David Darrell-Lambert,https://creativecommons.org/licenses/by-nc-sa/4.0/,"David Darrell-Lambert via xeno-canto.org (XC979920), https://creativecommons.org/licenses/by-nc-sa/4.0/",pending,v1,,979920,0:11
taxon-corvus-macrorhynchos,call,India,,https://xeno-canto.org/979919/download,David Darrell-Lambert,https://creativecommons.org/licenses/by-nc-sa/4.0/,"David Darrell-Lambert via xeno-canto.org (XC979919), https://creativecommons.org/licenses/by-nc-sa/4.0/",pending,v1,,979919,0:04
taxon-corvus-macrorhynchos,call,India,,https://xeno-canto.org/979918/download,David Darrell-Lambert,https://creativecommons.org/licenses/by-nc-sa/4.0/,"David Darrell-Lambert via xeno-canto.org (XC979918), https://creativecommons.org/licenses/by-nc-sa/4.0/",pending,v1,,979918,0:15
taxon-corvus-macrorhynchos,call,China,,https://xeno-canto.org/977988/download,Lucas-Chen,https://creativecommons.org/licenses/by-nc-sa/4.0/,"Lucas-Chen via xeno-canto.org (XC977988), https://creativecommons.org/licenses/by-nc-sa/4.0/",pending,v1,,977988,0:59
taxon-corvus-macrorhynchos,call,Thailand,,https://xeno-canto.org/973275/download,Greg Irving,https://creativecommons.org/licenses/by-nc-sa/4.0/,"Greg Irving via xeno-canto.org (XC973275), https://creativecommons.org/licenses/by-nc-sa/4.0/",pending,v1,,973275,3:16
taxon-corvus-macrorhynchos,call,Thailand,,https://xeno-canto.org/973077/download,Greg Irving,https://creativecommons.org/licenses/by-nc-sa/4.0/,"Greg Irving via xeno-canto.org (XC973077), https://creativecommons.org/licenses/by-nc-sa/4.0/",pending,v1,,973077,1:31
taxon-corvus-macrorhynchos,call,Philippines,,https://xeno-canto.org/959675/download,Chi-Hsuan Shao,https://creativecommons.org/licenses/by-nc-sa/4.0/,"Chi-Hsuan Shao via xeno-canto.org (XC959675), https://creativecommons.org/licenses/by-nc-sa/4.0/",pending,v1,,959675,1:01
taxon-corvus-macrorhynchos,call,China,,https://xeno-canto.org/925434/download,Bo Shunqi 薄顺奇,https://creativecommons.org/licenses/by-nc-sa/4.0/,"Bo Shunqi 薄顺奇 via xeno-canto.org (XC925434), https://creativecommons.org/licenses/by-nc-sa/4.0/",pending,v1,,925434,1:06
taxon-corvus-macrorhynchos,call,Japan,,https://xeno-canto.org/915205/download,Uku Paal,https://creativecommons.org/licenses/by-nc-sa/4.0/,"Uku Paal via xeno-canto.org (XC915205), https://creativecommons.org/licenses/by-nc-sa/4.0/",pending,v1,,915205,0:32
taxon-corvus-macrorhynchos,call,Japan,,https://xeno-canto.org/915191/download,Uku Paal,https://creativecommons.org/licenses/by-nc-sa/4.0/,"Uku Paal via xeno-canto.org (XC915191), https://creativecommons.org/licenses/by-nc-sa/4.0/",pending,v1,,915191,0:24
taxon-corvus-macrorhynchos,call,Thailand,,https://xeno-canto.org/854761/download,Sam Hambly,https://creativecommons.org/licenses/by-nc-sa/4.0/,"Sam Hambly via xeno-canto.org (XC854761), https://creativecommons.org/licenses/by-nc-sa/4.0/",pending,v1,,854761,0:58
taxon-corvus-macrorhynchos,call,Nepal,,https://xeno-canto.org/843977/download,Greg Irving,https://creativecommons.org/licenses/by-nc-sa/4.0/,"Greg Irving via xeno-canto.org (XC843977), https://creativecommons.org/licenses/by-nc-sa/4.0/",pending,v1,,843977,0:58
taxon-corvus-macrorhynchos,call,Thailand,,https://xeno-canto.org/842166/download,Sam Hambly,https://creativecommons.org/licenses/by-nc-sa/4.0/,"Sam Hambly via xeno-canto.org (XC842166), https://creativecommons.org/licenses/by-nc-sa/4.0/",pending,v1,,842166,0:37
taxon-corvus-macrorhynchos,call,Thailand,,https://xeno-canto.org/841865/download,Sam Hambly,https://creativecommons.org/licenses/by-nc-sa/4.0/,"Sam Hambly via xeno-canto.org (XC841865), https://creativecommons.org/licenses/by-nc-sa/4.0/",pending,v1,,841865,0:54
taxon-corvus-macrorhynchos,call,Nepal,,https://xeno-canto.org/841491/download,Greg Irving,https://creativecommons.org/licenses/by-nc-sa/4.0/,"Greg Irving via xeno-canto.org (XC841491), https://creativecommons.org/licenses/by-nc-sa/4.0/",pending,v1,,841491,2:19
taxon-corvus-macrorhynchos,call,Thailand,,https://xeno-canto.org/840606/download,Peter Ericsson,https://creativecommons.org/licenses/by-nc-sa/4.0/,"Peter Ericsson via xeno-canto.org (XC840606), https://creativecommons.org/licenses/by-nc-sa/4.0/",pending,v1,,840606,0:24
taxon-corvus-macrorhynchos,call,Thailand,,https://xeno-canto.org/836896/download,Bram Piot,https://creativecommons.org/licenses/by-nc-sa/4.0/,"Bram Piot via xeno-canto.org (XC836896), https://creativecommons.org/licenses/by-nc-sa/4.0/",pending,v1,,836896,1:15
taxon-corvus-macrorhynchos,call,India,,https://xeno-canto.org/826864/download,Syed Aadam Ahmad,https://creativecommons.org/licenses/by-nc-sa/4.0/,"Syed Aadam Ahmad via xeno-canto.org (XC826864), https://creativecommons.org/licenses/by-nc-sa/4.0/",pending,v1,,826864,0:07
taxon-corvus-macrorhynchos,call,China,,https://xeno-canto.org/824067/download,Bo Shunqi 薄顺奇,https://creativecommons.org/licenses/by-nc-sa/4.0/,"Bo Shunqi 薄顺奇 via xeno-canto.org (XC824067), https://creativecommons.org/licenses/by-nc-sa/4.0/",pending,v1,,824067,0:44
taxon-corvus-macrorhynchos,call,China,,https://xeno-canto.org/824066/download,Bo Shunqi 薄顺奇,https://creativecommons.org/licenses/by-nc-sa/4.0/,"Bo Shunqi 薄顺奇 via xeno-canto.org (XC824066), https://creativecommons.org/licenses/by-nc-sa/4.0/",pending,v1,,824066,0:32
taxon-corvus-macrorhynchos,call,China,,https://xeno-canto.org/824065/download,Bo Shunqi 薄顺奇,https://creativecommons.org/licenses/by-nc-sa/4.0/,"Bo Shunqi 薄顺奇 via xeno-canto.org (XC824065), https://creativecommons.org/licenses/by-nc-sa/4.0/",pending,v1,,824065,1:49
taxon-corvus-macrorhynchos,call,India,,https://xeno-canto.org/811532/download,Sandip das,https://creativecommons.org/licenses/by-nc-sa/4.0/,"Sandip das via xeno-canto.org (XC811532), https://creativecommons.org/licenses/by-nc-sa/4.0/",pending,v1,,811532,0:06
taxon-corvus-macrorhynchos,call,Russian Federation,,https://xeno-canto.org/805894/download,Vadim Ivushkin ,https://creativecommons.org/licenses/by-nc-sa/4.0/,"Vadim Ivushkin  via xeno-canto.org (XC805894), https://creativecommons.org/licenses/by-nc-sa/4.0/",pending,v1,,805894,0:21
taxon-corvus-macrorhynchos,call,Russian Federation,,https://xeno-canto.org/805740/download,Vadim Ivushkin ,https://creativecommons.org/licenses/by-nc-sa/4.0/,"Vadim Ivushkin  via xeno-canto.org (XC805740), https://creativecommons.org/licenses/by-nc-sa/4.0/",pending,v1,,805740,0:15
taxon-corvus-macrorhynchos,call,China,,https://xeno-canto.org/803821/download,Geoff Carey,https://creativecommons.org/licenses/by-nc-sa/4.0/,"Geoff Carey via xeno-canto.org (XC803821), https://creativecommons.org/licenses/by-nc-sa/4.0/",pending,v1,,803821,2:57
taxon-corvus-macrorhynchos,call,China,,https://xeno-canto.org/803820/download,Geoff Carey,https://creativecommons.org/licenses/by-nc-sa/4.0/,"Geoff Carey via xeno-canto.org (XC803820), https://creativecommons.org/licenses/by-nc-sa/4.0/",pending,v1,,803820,5:29
taxon-corvus-macrorhynchos,call,Nepal,,https://xeno-canto.org/790936/download,Greg Irving,https://creativecommons.org/licenses/by-nc-sa/4.0/,"Greg Irving via xeno-canto.org (XC790936), https://creativecommons.org/licenses/by-nc-sa/4.0/",pending,v1,,790936,0:27
taxon-corvus-macrorhynchos,call,Nepal,,https://xeno-canto.org/790935/download,Greg Irving,https://creativecommons.org/licenses/by-nc-sa/4.0/,"Greg Irving via xeno-canto.org (XC790935), https://creativecommons.org/licenses/by-nc-sa/4.0/",pending,v1,,790935,1:36
taxon-corvus-macrorhynchos,call,Thailand,,https://xeno-canto.org/788710/download,Stephan Risch,https://creativecommons.org/licenses/by-nc-sa/4.0/,"Stephan Risch via xeno-canto.org (XC788710), https://creativecommons.org/licenses/by-nc-sa/4.0/",pending,v1,,788710,0:13
taxon-corvus-macrorhynchos,call,China,,https://xeno-canto.org/783511/download,He Wenjin/文进,https://creativecommons.org/licenses/by-nc-sa/4.0/,"He Wenjin/文进 via xeno-canto.org (XC783511), https://creativecommons.org/licenses/by-nc-sa/4.0/",pending,v1,,783511,0:26
taxon-corvus-macrorhynchos,call,Nepal,,https://xeno-canto.org/761265/download,Sandeep Chakraborty,https://creativecommons.org/licenses/by-nc-sa/4.0/,"Sandeep Chakraborty via xeno-canto.org (XC761265), https://creativecommons.org/licenses/by-nc-sa/4.0/",pending,v1,,761265,0:13
taxon-corvus-macrorhynchos,call,China,,https://xeno-canto.org/724414/download,Bo Shunqi,https://creativecommons.org/licenses/by-nc-sa/4.0/,"Bo Shunqi via xeno-canto.org (XC724414), https://creativecommons.org/licenses/by-nc-sa/4.0/",pending,v1,,724414,0:12
taxon-corvus-macrorhynchos,call,China,,https://xeno-canto.org/724413/download,Bo Shunqi,https://creativecommons.org/licenses/by-nc-sa/4.0/,"Bo Shunqi via xeno-canto.org (XC724413), https://creativecommons.org/licenses/by-nc-sa/4.0/",pending,v1,,724413,0:28
taxon-corvus-macrorhynchos,call,China,,https://xeno-canto.org/724412/download,Bo Shunqi,https://creativecommons.org/licenses/by-nc-sa/4.0/,"Bo Shunqi via xeno-canto.org (XC724412), https://creativecommons.org/licenses/by-nc-sa/4.0/",pending,v1,,724412,0:18
taxon-corvus-macrorhynchos,call,China,,https://xeno-canto.org/719751/download,Bo Shunqi,https://creativecommons.org/licenses/by-nc-sa/4.0/,"Bo Shunqi via xeno-canto.org (XC719751), https://creativecommons.org/licenses/by-nc-sa/4.0/",pending,v1,,719751,0:22
taxon-corvus-macrorhynchos,call,China,,https://xeno-canto.org/702121/download,ely what,https://creativecommons.org/licenses/by-nc-sa/4.0/,"ely what via xeno-canto.org (XC702121), https://creativecommons.org/licenses/by-nc-sa/4.0/",pending,v1,,702121,0:56
taxon-corvus-macrorhynchos,call,China,,https://xeno-canto.org/702120/download,ely what,https://creativecommons.org/licenses/by-nc-sa/4.0/,"ely what via xeno-canto.org (XC702120), https://creativecommons.org/licenses/by-nc-sa/4.0/",pending,v1,,702120,0:36
taxon-corvus-macrorhynchos,call,Taiwan,,https://xeno-canto.org/692669/download,蔡明剛,https://creativecommons.org/licenses/by-nc-sa/4.0/,"蔡明剛 via xeno-canto.org (XC692669), https://creativecommons.org/licenses/by-nc-sa/4.0/",pending,v1,,692669,0:23
taxon-corvus-macrorhynchos,call,Taiwan,,https://xeno-canto.org/692668/download,蔡明剛,https://creativecommons.org/licenses/by-nc-sa/4.0/,"蔡明剛 via xeno-canto.org (XC692668), https://creativecommons.org/licenses/by-nc-sa/4.0/",pending,v1,,692668,1:18
taxon-corvus-macrorhynchos,call,Myanmar,,https://xeno-canto.org/684623/download,Thet Zaw Naing,https://creativecommons.org/licenses/by-nc-sa/4.0/,"Thet Zaw Naing via xeno-canto.org (XC684623), https://creativecommons.org/licenses/by-nc-sa/4.0/",pending,v1,,684623,0:14
taxon-corvus-macrorhynchos,call,India,,https://xeno-canto.org/684247/download,Sreekumar Chirukandoth,https://creativecommons.org/licenses/by-nc-sa/4.0/,"Sreekumar Chirukandoth via xeno-canto.org (XC684247), https://creativecommons.org/licenses/by-nc-sa/4.0/",pending,v1,,684247,0:35
taxon-corvus-macrorhynchos,call,India,,https://xeno-canto.org/659331/download,Dhyey Shah,https://creativecommons.org/licenses/by-nc-sa/4.0/,"Dhyey Shah via xeno-canto.org (XC659331), https://creativecommons.org/licenses/by-nc-sa/4.0/",pending,v1,,659331,0:10
taxon-corvus-macrorhynchos,call,China,,https://xeno-canto.org/652474/download,Bo Shunqi 薄顺奇,https://creativecommons.org/licenses/by-nc-sa/4.0/,"Bo Shunqi 薄顺奇 via xeno-canto.org (XC652474), https://creativecommons.org/licenses/by-nc-sa/4.0/",pending,v1,,652474,0:35
taxon-corvus-macrorhynchos,call,Taiwan,,https://xeno-canto.org/637217/download,Sunny Tseng,https://creativecommons.org/licenses/by-nc-sa/4.0/,"Sunny Tseng via xeno-canto.org (XC637217), https://creativecommons.org/licenses/by-nc-sa/4.0/",pending,v1,,637217,0:53
taxon-corvus-macrorhynchos,call,Nepal,,https://xeno-canto.org/626471/download,Jelle Scharringa,https://creativecommons.org/licenses/by-nc-sa/4.0/,"Jelle Scharringa via xeno-canto.org (XC626471), https://creativecommons.org/licenses/by-nc-sa/4.0/",pending,v1,,626471,0:12
taxon-corvus-macrorhynchos,call,Malaysia,,https://xeno-canto.org/626468/download,Jelle Scharringa,https://creativecommons.org/licenses/by-nc-sa/4.0/,"Jelle Scharringa via xeno-canto.org (XC626468), https://creativecommons.org/licenses/by-nc-sa/4.0/",pending,v1,,626468,0:26
taxon-corvus-macrorhynchos,call,Singapore,,https://xeno-canto.org/615438/download,Sreekar,https://creativecommons.org/licenses/by-nc-sa/4.0/,"Sreekar via xeno-canto.org (XC615438), https://creativecommons.org/licenses/by-nc-sa/4.0/",pending,v1,,615438,0:37
taxon-corvus-macrorhynchos,call,Thailand,,https://xeno-canto.org/607201/download,Greg Irving,https://creativecommons.org/licenses/by-nc-sa/4.0/,"Greg Irving via xeno-canto.org (XC607201), https://creativecommons.org/licenses/by-nc-sa/4.0/",pending,v1,,607201,1:27
taxon-corvus-macrorhynchos,call,Taiwan,,https://xeno-canto.org/577874/download,Sunny Tseng,https://creativecommons.org/licenses/by-nc-sa/4.0/,"Sunny Tseng via xeno-canto.org (XC577874), https://creativecommons.org/licenses/by-nc-sa/4.0/",pending,v1,,577874,0:04
taxon-corvus-macrorhynchos,call,Taiwan,,https://xeno-canto.org/577873/download,Sunny Tseng,https://creativecommons.org/licenses/by-nc-sa/4.0/,"Sunny Tseng via xeno-canto.org (XC577873), https://creativecommons.org/licenses/by-nc-sa/4.0/",pending,v1,,577873,0:23
taxon-corvus-macrorhynchos,call,Taiwan,,https://xeno-canto.org/577848/download,Sunny Tseng,https://creativecommons.org/licenses/by-nc-sa/4.0/,"Sunny Tseng via xeno-canto.org (XC577848), https://creativecommons.org/licenses/by-nc-sa/4.0/",pending,v1,,577848,0:05
taxon-corvus-macrorhynchos,call,India,,https://xeno-canto.org/574366/download,Dhruba Saikia,https://creativecommons.org/licenses/by-nc-sa/4.0/,"Dhruba Saikia via xeno-canto.org (XC574366), https://creativecommons.org/licenses/by-nc-sa/4.0/",pending,v1,,574366,0:13
taxon-corvus-macrorhynchos,call,South Korea,,https://xeno-canto.org/572087/download,Wonseok Jang,https://creativecommons.org/licenses/by-nc-sa/4.0/,"Wonseok Jang via xeno-canto.org (XC572087), https://creativecommons.org/licenses/by-nc-sa/4.0/",pending,v1,,572087,0:13
taxon-corvus-macrorhynchos,call,Taiwan,,https://xeno-canto.org/558816/download,Sunny Tseng,https://creativecommons.org/licenses/by-nc-sa/4.0/,"Sunny Tseng via xeno-canto.org (XC558816), https://creativecommons.org/licenses/by-nc-sa/4.0/",pending,v1,,558816,0:03
taxon-pica-serica,call,Taiwan,,https://xeno-canto.org/1156235/download,Joan Theng,https://creativecommons.org/licenses/by-nc-sa/4.0/,"Joan Theng via xeno-canto.org (XC1156235), https://creativecommons.org/licenses/by-nc-sa/4.0/",pending,v1,,1156235,0:22
taxon-pica-serica,call,China,,https://xeno-canto.org/1142987/download,Ray Tsu 诸仁,https://creativecommons.org/licenses/by-nc-sa/4.0/,"Ray Tsu 诸仁 via xeno-canto.org (XC1142987), https://creativecommons.org/licenses/by-nc-sa/4.0/",pending,v1,,1142987,5:49
taxon-pica-serica,call,South Korea,,https://xeno-canto.org/1097332/download,Uku Paal,https://creativecommons.org/licenses/by-nc-sa/4.0/,"Uku Paal via xeno-canto.org (XC1097332), https://creativecommons.org/licenses/by-nc-sa/4.0/",pending,v1,,1097332,0:09
taxon-pica-serica,call,South Korea,,https://xeno-canto.org/1097330/download,Uku Paal,https://creativecommons.org/licenses/by-nc-sa/4.0/,"Uku Paal via xeno-canto.org (XC1097330), https://creativecommons.org/licenses/by-nc-sa/4.0/",pending,v1,,1097330,0:24
taxon-pica-serica,call,China,,https://xeno-canto.org/1048541/download,Bo Shunqi 薄顺奇,https://creativecommons.org/licenses/by-nc-sa/4.0/,"Bo Shunqi 薄顺奇 via xeno-canto.org (XC1048541), https://creativecommons.org/licenses/by-nc-sa/4.0/",pending,v1,,1048541,1:19
taxon-pica-serica,call,China,,https://xeno-canto.org/1015967/download,Dave Guo,https://creativecommons.org/licenses/by-nc-sa/4.0/,"Dave Guo via xeno-canto.org (XC1015967), https://creativecommons.org/licenses/by-nc-sa/4.0/",pending,v1,,1015967,0:35
taxon-pica-serica,call,Mongolia,,https://xeno-canto.org/1000119/download,Francisco Rivas Fuenzalida,https://creativecommons.org/licenses/by-nc-sa/4.0/,"Francisco Rivas Fuenzalida via xeno-canto.org (XC1000119), https://creativecommons.org/licenses/by-nc-sa/4.0/",pending,v1,,1000119,0:23
taxon-pica-serica,call,China,,https://xeno-canto.org/999816/download,Penghui Lou,https://creativecommons.org/licenses/by-nc-sa/4.0/,"Penghui Lou via xeno-canto.org (XC999816), https://creativecommons.org/licenses/by-nc-sa/4.0/",pending,v1,,999816,0:26
taxon-pica-serica,call,China,,https://xeno-canto.org/992716/download,Feather V,https://creativecommons.org/licenses/by-nc-sa/4.0/,"Feather V via xeno-canto.org (XC992716), https://creativecommons.org/licenses/by-nc-sa/4.0/",pending,v1,,992716,0:04
taxon-pica-serica,call,China,,https://xeno-canto.org/984262/download,Lucas-Chen,https://creativecommons.org/licenses/by-nc-sa/4.0/,"Lucas-Chen via xeno-canto.org (XC984262), https://creativecommons.org/licenses/by-nc-sa/4.0/",pending,v1,,984262,1:20
taxon-pica-serica,call,China,,https://xeno-canto.org/962559/download,Dave GUO,https://creativecommons.org/licenses/by-nc-sa/4.0/,"Dave GUO via xeno-canto.org (XC962559), https://creativecommons.org/licenses/by-nc-sa/4.0/",pending,v1,,962559,0:20
taxon-pica-serica,call,China,,https://xeno-canto.org/962558/download,Dave GUO,https://creativecommons.org/licenses/by-nc-sa/4.0/,"Dave GUO via xeno-canto.org (XC962558), https://creativecommons.org/licenses/by-nc-sa/4.0/",pending,v1,,962558,0:29
taxon-pica-serica,call,China,,https://xeno-canto.org/908265/download,Dave GUO,https://creativecommons.org/licenses/by-nc-sa/4.0/,"Dave GUO via xeno-canto.org (XC908265), https://creativecommons.org/licenses/by-nc-sa/4.0/",pending,v1,,908265,0:41
taxon-pica-serica,call,China,,https://xeno-canto.org/908252/download,Dave GUO,https://creativecommons.org/licenses/by-nc-sa/4.0/,"Dave GUO via xeno-canto.org (XC908252), https://creativecommons.org/licenses/by-nc-sa/4.0/",pending,v1,,908252,0:33
taxon-pica-serica,call,China,,https://xeno-canto.org/890254/download,Bo Shunqi薄顺奇,https://creativecommons.org/licenses/by-nc-sa/4.0/,"Bo Shunqi薄顺奇 via xeno-canto.org (XC890254), https://creativecommons.org/licenses/by-nc-sa/4.0/",pending,v1,,890254,0:27
taxon-pica-serica,call,China,,https://xeno-canto.org/839558/download,Bo Shunqi 薄顺奇,https://creativecommons.org/licenses/by-nc-sa/4.0/,"Bo Shunqi 薄顺奇 via xeno-canto.org (XC839558), https://creativecommons.org/licenses/by-nc-sa/4.0/",pending,v1,,839558,0:22
taxon-pica-serica,call,China,,https://xeno-canto.org/839527/download,Bo Shunqi 薄顺奇,https://creativecommons.org/licenses/by-nc-sa/4.0/,"Bo Shunqi 薄顺奇 via xeno-canto.org (XC839527), https://creativecommons.org/licenses/by-nc-sa/4.0/",pending,v1,,839527,0:15
taxon-pica-serica,call,China,,https://xeno-canto.org/824062/download,Bo Shunqi 薄顺奇,https://creativecommons.org/licenses/by-nc-sa/4.0/,"Bo Shunqi 薄顺奇 via xeno-canto.org (XC824062), https://creativecommons.org/licenses/by-nc-sa/4.0/",pending,v1,,824062,0:46
taxon-pica-serica,call,China,,https://xeno-canto.org/820190/download,Geoff Carey,https://creativecommons.org/licenses/by-nc-sa/4.0/,"Geoff Carey via xeno-canto.org (XC820190), https://creativecommons.org/licenses/by-nc-sa/4.0/",pending,v1,,820190,0:58
taxon-pica-serica,call,China,,https://xeno-canto.org/820186/download,Geoff Carey,https://creativecommons.org/licenses/by-nc-sa/4.0/,"Geoff Carey via xeno-canto.org (XC820186), https://creativecommons.org/licenses/by-nc-sa/4.0/",pending,v1,,820186,1:12
taxon-pica-serica,call,China,,https://xeno-canto.org/820185/download,Geoff Carey,https://creativecommons.org/licenses/by-nc-sa/4.0/,"Geoff Carey via xeno-canto.org (XC820185), https://creativecommons.org/licenses/by-nc-sa/4.0/",pending,v1,,820185,0:11
taxon-pica-serica,call,China,,https://xeno-canto.org/820183/download,Geoff Carey,https://creativecommons.org/licenses/by-nc-sa/4.0/,"Geoff Carey via xeno-canto.org (XC820183), https://creativecommons.org/licenses/by-nc-sa/4.0/",pending,v1,,820183,0:18
taxon-pica-serica,call,China,,https://xeno-canto.org/820182/download,Geoff Carey,https://creativecommons.org/licenses/by-nc-sa/4.0/,"Geoff Carey via xeno-canto.org (XC820182), https://creativecommons.org/licenses/by-nc-sa/4.0/",pending,v1,,820182,0:32
taxon-pica-serica,call,China,,https://xeno-canto.org/820181/download,Geoff Carey,https://creativecommons.org/licenses/by-nc-sa/4.0/,"Geoff Carey via xeno-canto.org (XC820181), https://creativecommons.org/licenses/by-nc-sa/4.0/",pending,v1,,820181,0:37
taxon-pica-serica,call,China,,https://xeno-canto.org/820180/download,Geoff Carey,https://creativecommons.org/licenses/by-nc-sa/4.0/,"Geoff Carey via xeno-canto.org (XC820180), https://creativecommons.org/licenses/by-nc-sa/4.0/",pending,v1,,820180,0:42
taxon-pica-serica,call,China,,https://xeno-canto.org/790551/download,Bo Shunqi 薄顺奇,https://creativecommons.org/licenses/by-nc-sa/4.0/,"Bo Shunqi 薄顺奇 via xeno-canto.org (XC790551), https://creativecommons.org/licenses/by-nc-sa/4.0/",pending,v1,,790551,0:56
taxon-pica-serica,call,China,,https://xeno-canto.org/790267/download,Oriental Stork,https://creativecommons.org/licenses/by-nc-sa/4.0/,"Oriental Stork via xeno-canto.org (XC790267), https://creativecommons.org/licenses/by-nc-sa/4.0/",pending,v1,,790267,1:49
taxon-pica-serica,call,China,,https://xeno-canto.org/778720/download,Tiantian Zhao 赵天天,https://creativecommons.org/licenses/by-nc-sa/4.0/,"Tiantian Zhao 赵天天 via xeno-canto.org (XC778720), https://creativecommons.org/licenses/by-nc-sa/4.0/",pending,v1,,778720,0:10
taxon-pica-serica,call,China,,https://xeno-canto.org/752868/download,Ray Tsu 诸仁,https://creativecommons.org/licenses/by-nc-sa/4.0/,"Ray Tsu 诸仁 via xeno-canto.org (XC752868), https://creativecommons.org/licenses/by-nc-sa/4.0/",pending,v1,,752868,5:00
taxon-pica-serica,call,China,,https://xeno-canto.org/720267/download,Tiantian Zhao 赵天天,https://creativecommons.org/licenses/by-nc-sa/4.0/,"Tiantian Zhao 赵天天 via xeno-canto.org (XC720267), https://creativecommons.org/licenses/by-nc-sa/4.0/",pending,v1,,720267,0:05
taxon-pica-serica,call,China,,https://xeno-canto.org/720255/download,Tiantian Zhao 赵天天,https://creativecommons.org/licenses/by-nc-sa/4.0/,"Tiantian Zhao 赵天天 via xeno-canto.org (XC720255), https://creativecommons.org/licenses/by-nc-sa/4.0/",pending,v1,,720255,0:12
taxon-pica-serica,call,China,,https://xeno-canto.org/711229/download,Ray Tsu 诸仁,https://creativecommons.org/licenses/by-nc-sa/4.0/,"Ray Tsu 诸仁 via xeno-canto.org (XC711229), https://creativecommons.org/licenses/by-nc-sa/4.0/",pending,v1,,711229,1:42
taxon-pica-serica,call,China,,https://xeno-canto.org/711228/download,Ray Tsu 诸仁,https://creativecommons.org/licenses/by-nc-sa/4.0/,"Ray Tsu 诸仁 via xeno-canto.org (XC711228), https://creativecommons.org/licenses/by-nc-sa/4.0/",pending,v1,,711228,1:23
taxon-pica-serica,call,China,,https://xeno-canto.org/711227/download,Ray Tsu 诸仁,https://creativecommons.org/licenses/by-nc-sa/4.0/,"Ray Tsu 诸仁 via xeno-canto.org (XC711227), https://creativecommons.org/licenses/by-nc-sa/4.0/",pending,v1,,711227,0:49
taxon-pica-serica,call,Taiwan,,https://xeno-canto.org/663435/download,Jerome Chie-Jen Ko,https://creativecommons.org/licenses/by-nc-sa/4.0/,"Jerome Chie-Jen Ko via xeno-canto.org (XC663435), https://creativecommons.org/licenses/by-nc-sa/4.0/",pending,v1,,663435,0:45
taxon-pica-serica,call,South Korea,,https://xeno-canto.org/621993/download,András Schmidt,https://creativecommons.org/licenses/by-nc-sa/4.0/,"András Schmidt via xeno-canto.org (XC621993), https://creativecommons.org/licenses/by-nc-sa/4.0/",pending,v1,,621993,0:42
taxon-pica-serica,call,South Korea,,https://xeno-canto.org/464640/download,Martin Sutherland,https://creativecommons.org/licenses/by-nc-sa/4.0/,"Martin Sutherland via xeno-canto.org (XC464640), https://creativecommons.org/licenses/by-nc-sa/4.0/",pending,v1,,464640,1:40
taxon-pica-serica,call,China,,https://xeno-canto.org/401643/download,Oscar Campbell,https://creativecommons.org/licenses/by-nc-sa/4.0/,"Oscar Campbell via xeno-canto.org (XC401643), https://creativecommons.org/licenses/by-nc-sa/4.0/",pending,v1,,401643,0:34
taxon-pica-serica,call,China,,https://xeno-canto.org/380616/download,Guy Kirwan,https://creativecommons.org/licenses/by-nc-sa/4.0/,"Guy Kirwan via xeno-canto.org (XC380616), https://creativecommons.org/licenses/by-nc-sa/4.0/",pending,v1,,380616,0:03
taxon-pica-serica,call,Russian Federation,,https://xeno-canto.org/339474/download,Tom Wulf,https://creativecommons.org/licenses/by-nc-sa/4.0/,"Tom Wulf via xeno-canto.org (XC339474), https://creativecommons.org/licenses/by-nc-sa/4.0/",pending,v1,,339474,0:52
taxon-pica-serica,call,Russian Federation,,https://xeno-canto.org/339473/download,Tom Wulf,https://creativecommons.org/licenses/by-nc-sa/4.0/,"Tom Wulf via xeno-canto.org (XC339473), https://creativecommons.org/licenses/by-nc-sa/4.0/",pending,v1,,339473,1:22
taxon-pica-serica,call,Russian Federation,,https://xeno-canto.org/267632/download,Albert Lastukhin,https://creativecommons.org/licenses/by-nc-sa/4.0/,"Albert Lastukhin via xeno-canto.org (XC267632), https://creativecommons.org/licenses/by-nc-sa/4.0/",pending,v1,,267632,2:57
taxon-pica-serica,call,Russian Federation,,https://xeno-canto.org/267629/download,Albert Lastukhin,https://creativecommons.org/licenses/by-nc-sa/4.0/,"Albert Lastukhin via xeno-canto.org (XC267629), https://creativecommons.org/licenses/by-nc-sa/4.0/",pending,v1,,267629,2:16
taxon-pica-serica,call,South Korea,,https://xeno-canto.org/194995/download,Ross Gallardy,https://creativecommons.org/licenses/by-nc-sa/4.0/,"Ross Gallardy via xeno-canto.org (XC194995), https://creativecommons.org/licenses/by-nc-sa/4.0/",pending,v1,,194995,1:26
taxon-pica-serica,call,South Korea,,https://xeno-canto.org/175817/download,Stuart Fisher,https://creativecommons.org/licenses/by-nc-sa/4.0/,"Stuart Fisher via xeno-canto.org (XC175817), https://creativecommons.org/licenses/by-nc-sa/4.0/",pending,v1,,175817,0:33
taxon-pica-serica,call,Russian Federation,,https://xeno-canto.org/146003/download,Sander Bot,https://creativecommons.org/licenses/by-nc-sa/3.0/,"Sander Bot via xeno-canto.org (XC146003), https://creativecommons.org/licenses/by-nc-sa/3.0/",pending,v1,,146003,0:27
taxon-pica-serica,call,South Korea,,https://xeno-canto.org/1097328/download,Uku Paal,https://creativecommons.org/licenses/by-nc-sa/4.0/,"Uku Paal via xeno-canto.org (XC1097328), https://creativecommons.org/licenses/by-nc-sa/4.0/",pending,v1,,1097328,0:29
taxon-pica-serica,call,South Korea,,https://xeno-canto.org/1097327/download,Uku Paal,https://creativecommons.org/licenses/by-nc-sa/4.0/,"Uku Paal via xeno-canto.org (XC1097327), https://creativecommons.org/licenses/by-nc-sa/4.0/",pending,v1,,1097327,0:13
taxon-pica-serica,call,China,,https://xeno-canto.org/1083740/download,wu555,https://creativecommons.org/licenses/by-nc-sa/4.0/,"wu555 via xeno-canto.org (XC1083740), https://creativecommons.org/licenses/by-nc-sa/4.0/",pending,v1,,1083740,0:09
taxon-pica-serica,call,China,,https://xeno-canto.org/962869/download,Dave GUO,https://creativecommons.org/licenses/by-nc-sa/4.0/,"Dave GUO via xeno-canto.org (XC962869), https://creativecommons.org/licenses/by-nc-sa/4.0/",pending,v1,,962869,0:03
taxon-pica-serica,call,China,,https://xeno-canto.org/961569/download,Lucas-Chen,https://creativecommons.org/licenses/by-nc-sa/4.0/,"Lucas-Chen via xeno-canto.org (XC961569), https://creativecommons.org/licenses/by-nc-sa/4.0/",pending,v1,,961569,0:57
taxon-pica-serica,call,China,,https://xeno-canto.org/906887/download,小菜鸟,https://creativecommons.org/licenses/by-nc-sa/4.0/,"小菜鸟 via xeno-canto.org (XC906887), https://creativecommons.org/licenses/by-nc-sa/4.0/",pending,v1,,906887,0:40
taxon-pica-serica,call,China,,https://xeno-canto.org/906586/download,Dave GUO,https://creativecommons.org/licenses/by-nc-sa/4.0/,"Dave GUO via xeno-canto.org (XC906586), https://creativecommons.org/licenses/by-nc-sa/4.0/",pending,v1,,906586,0:06
taxon-pica-serica,call,China,,https://xeno-canto.org/855212/download,Ray Tsu 诸仁,https://creativecommons.org/licenses/by-nc-sa/4.0/,"Ray Tsu 诸仁 via xeno-canto.org (XC855212), https://creativecommons.org/licenses/by-nc-sa/4.0/",pending,v1,,855212,1:07
taxon-pica-serica,call,China,,https://xeno-canto.org/843519/download,Bo Shunqi 薄顺奇,https://creativecommons.org/licenses/by-nc-sa/4.0/,"Bo Shunqi 薄顺奇 via xeno-canto.org (XC843519), https://creativecommons.org/licenses/by-nc-sa/4.0/",pending,v1,,843519,0:21
taxon-pica-serica,call,China,,https://xeno-canto.org/842209/download,Bo Shunqi 薄顺奇,https://creativecommons.org/licenses/by-nc-sa/4.0/,"Bo Shunqi 薄顺奇 via xeno-canto.org (XC842209), https://creativecommons.org/licenses/by-nc-sa/4.0/",pending,v1,,842209,0:25
taxon-pica-serica,call,China,,https://xeno-canto.org/820189/download,Geoff Carey,https://creativecommons.org/licenses/by-nc-sa/4.0/,"Geoff Carey via xeno-canto.org (XC820189), https://creativecommons.org/licenses/by-nc-sa/4.0/",pending,v1,,820189,1:41
taxon-pica-serica,call,China,,https://xeno-canto.org/820188/download,Geoff Carey,https://creativecommons.org/licenses/by-nc-sa/4.0/,"Geoff Carey via xeno-canto.org (XC820188), https://creativecommons.org/licenses/by-nc-sa/4.0/",pending,v1,,820188,1:00
taxon-pica-serica,call,China,,https://xeno-canto.org/750058/download,Common Jeff（麻杰夫）,https://creativecommons.org/licenses/by-nc-sa/4.0/,"Common Jeff（麻杰夫） via xeno-canto.org (XC750058), https://creativecommons.org/licenses/by-nc-sa/4.0/",pending,v1,,750058,1:27
taxon-pica-serica,call,Taiwan,,https://xeno-canto.org/735863/download,Chi-Hsuan Shao,https://creativecommons.org/licenses/by-nc-sa/4.0/,"Chi-Hsuan Shao via xeno-canto.org (XC735863), https://creativecommons.org/licenses/by-nc-sa/4.0/",pending,v1,,735863,0:55
taxon-pica-serica,call,South Korea,,https://xeno-canto.org/661963/download,Wonseok Jang,https://creativecommons.org/licenses/by-nc-sa/4.0/,"Wonseok Jang via xeno-canto.org (XC661963), https://creativecommons.org/licenses/by-nc-sa/4.0/",pending,v1,,661963,0:13
taxon-pica-serica,call,South Korea,,https://xeno-canto.org/581681/download,Eric DeFonso,https://creativecommons.org/licenses/by-nc-sa/4.0/,"Eric DeFonso via xeno-canto.org (XC581681), https://creativecommons.org/licenses/by-nc-sa/4.0/",pending,v1,,581681,0:16
taxon-pica-serica,call,South Korea,,https://xeno-canto.org/581679/download,Eric DeFonso,https://creativecommons.org/licenses/by-nc-sa/4.0/,"Eric DeFonso via xeno-canto.org (XC581679), https://creativecommons.org/licenses/by-nc-sa/4.0/",pending,v1,,581679,0:09
taxon-pica-serica,call,South Korea,,https://xeno-canto.org/368910/download,Stuart Fisher,https://creativecommons.org/licenses/by-nc-sa/4.0/,"Stuart Fisher via xeno-canto.org (XC368910), https://creativecommons.org/licenses/by-nc-sa/4.0/",pending,v1,,368910,0:28
taxon-pica-serica,call,China,,https://xeno-canto.org/322015/download,Guy Kirwan,https://creativecommons.org/licenses/by-nc-sa/4.0/,"Guy Kirwan via xeno-canto.org (XC322015), https://creativecommons.org/licenses/by-nc-sa/4.0/",pending,v1,,322015,3:15
taxon-pica-serica,call,Russian Federation,,https://xeno-canto.org/267631/download,Albert Lastukhin,https://creativecommons.org/licenses/by-nc-sa/4.0/,"Albert Lastukhin via xeno-canto.org (XC267631), https://creativecommons.org/licenses/by-nc-sa/4.0/",pending,v1,,267631,1:09
taxon-pica-serica,call,Russian Federation,,https://xeno-canto.org/267630/download,Albert Lastukhin,https://creativecommons.org/licenses/by-nc-sa/4.0/,"Albert Lastukhin via xeno-canto.org (XC267630), https://creativecommons.org/licenses/by-nc-sa/4.0/",pending,v1,,267630,1:02
taxon-pica-serica,call,Russian Federation,,https://xeno-canto.org/267628/download,Albert Lastukhin,https://creativecommons.org/licenses/by-nc-sa/4.0/,"Albert Lastukhin via xeno-canto.org (XC267628), https://creativecommons.org/licenses/by-nc-sa/4.0/",pending,v1,,267628,0:20
taxon-pica-serica,call,Russian Federation,,https://xeno-canto.org/145974/download,Sander Bot,https://creativecommons.org/licenses/by-nc-sa/3.0/,"Sander Bot via xeno-canto.org (XC145974), https://creativecommons.org/licenses/by-nc-sa/3.0/",pending,v1,,145974,0:08
taxon-pica-serica,call,China,,https://xeno-canto.org/133041/download,Antero Lindholm,https://creativecommons.org/licenses/by-nc-sa/3.0/,"Antero Lindholm via xeno-canto.org (XC133041), https://creativecommons.org/licenses/by-nc-sa/3.0/",pending,v1,,133041,0:16
taxon-pica-serica,call,South Korea,,https://xeno-canto.org/1097346/download,Uku Paal,https://creativecommons.org/licenses/by-nc-sa/4.0/,"Uku Paal via xeno-canto.org (XC1097346), https://creativecommons.org/licenses/by-nc-sa/4.0/",pending,v1,,1097346,0:29
taxon-pica-serica,call,China,,https://xeno-canto.org/982567/download,Lucas-Chen,https://creativecommons.org/licenses/by-nc-sa/4.0/,"Lucas-Chen via xeno-canto.org (XC982567), https://creativecommons.org/licenses/by-nc-sa/4.0/",pending,v1,,982567,0:03
taxon-pica-serica,call,China,,https://xeno-canto.org/864550/download,小菜鸟,https://creativecommons.org/licenses/by-nc-sa/4.0/,"小菜鸟 via xeno-canto.org (XC864550), https://creativecommons.org/licenses/by-nc-sa/4.0/",pending,v1,,864550,0:11
taxon-pica-serica,call,China,,https://xeno-canto.org/401642/download,Oscar Campbell,https://creativecommons.org/licenses/by-nc-sa/4.0/,"Oscar Campbell via xeno-canto.org (XC401642), https://creativecommons.org/licenses/by-nc-sa/4.0/",pending,v1,,401642,0:53
taxon-pica-serica,call,South Korea,,https://xeno-canto.org/206716/download,Nicholas Allen,https://creativecommons.org/licenses/by-nc-sa/4.0/,"Nicholas Allen via xeno-canto.org (XC206716), https://creativecommons.org/licenses/by-nc-sa/4.0/",pending,v1,,206716,0:02
taxon-pica-serica,call,South Korea,,https://xeno-canto.org/197372/download,Patrick Blake,https://creativecommons.org/licenses/by-nc-sa/4.0/,"Patrick Blake via xeno-canto.org (XC197372), https://creativecommons.org/licenses/by-nc-sa/4.0/",pending,v1,,197372,0:55
taxon-phoenicurus-auroreus,call,China,,https://xeno-canto.org/1107832/download,Zhen niu,https://creativecommons.org/licenses/by-nc-sa/4.0/,"Zhen niu via xeno-canto.org (XC1107832), https://creativecommons.org/licenses/by-nc-sa/4.0/",pending,v1,,1107832,0:18
taxon-phoenicurus-auroreus,call,China,,https://xeno-canto.org/1098730/download,Bo Shunqi 薄顺奇,https://creativecommons.org/licenses/by-nc-sa/4.0/,"Bo Shunqi 薄顺奇 via xeno-canto.org (XC1098730), https://creativecommons.org/licenses/by-nc-sa/4.0/",pending,v1,,1098730,2:58
taxon-phoenicurus-auroreus,call,China,,https://xeno-canto.org/1087934/download,Ray Tsu 诸仁,https://creativecommons.org/licenses/by-nc-sa/4.0/,"Ray Tsu 诸仁 via xeno-canto.org (XC1087934), https://creativecommons.org/licenses/by-nc-sa/4.0/",pending,v1,,1087934,1:11
taxon-phoenicurus-auroreus,call,China,,https://xeno-canto.org/1087929/download,Ray Tsu 诸仁,https://creativecommons.org/licenses/by-nc-sa/4.0/,"Ray Tsu 诸仁 via xeno-canto.org (XC1087929), https://creativecommons.org/licenses/by-nc-sa/4.0/",pending,v1,,1087929,0:50
taxon-phoenicurus-auroreus,call,China,,https://xeno-canto.org/1063316/download,Ray Tsu 诸仁,https://creativecommons.org/licenses/by-nc-sa/4.0/,"Ray Tsu 诸仁 via xeno-canto.org (XC1063316), https://creativecommons.org/licenses/by-nc-sa/4.0/",pending,v1,,1063316,0:39
taxon-phoenicurus-auroreus,call,China,,https://xeno-canto.org/1052613/download,wu555,https://creativecommons.org/licenses/by-nc-sa/4.0/,"wu555 via xeno-canto.org (XC1052613), https://creativecommons.org/licenses/by-nc-sa/4.0/",pending,v1,,1052613,0:16
taxon-phoenicurus-auroreus,call,China,,https://xeno-canto.org/1052253/download,wu555,https://creativecommons.org/licenses/by-nc-sa/4.0/,"wu555 via xeno-canto.org (XC1052253), https://creativecommons.org/licenses/by-nc-sa/4.0/",pending,v1,,1052253,0:41
taxon-phoenicurus-auroreus,call,China,,https://xeno-canto.org/1048567/download,Bo Shunqi 薄顺奇,https://creativecommons.org/licenses/by-nc-sa/4.0/,"Bo Shunqi 薄顺奇 via xeno-canto.org (XC1048567), https://creativecommons.org/licenses/by-nc-sa/4.0/",pending,v1,,1048567,0:12
taxon-phoenicurus-auroreus,call,China,,https://xeno-canto.org/1038562/download,Junning Wang,https://creativecommons.org/licenses/by-nc-sa/4.0/,"Junning Wang via xeno-canto.org (XC1038562), https://creativecommons.org/licenses/by-nc-sa/4.0/",pending,v1,,1038562,0:38
taxon-phoenicurus-auroreus,call,Mongolia,,https://xeno-canto.org/1027586/download,Richard E. Webster,https://creativecommons.org/licenses/by-nc-sa/4.0/,"Richard E. Webster via xeno-canto.org (XC1027586), https://creativecommons.org/licenses/by-nc-sa/4.0/",pending,v1,,1027586,0:07
taxon-phoenicurus-auroreus,call,China,,https://xeno-canto.org/1005445/download,Zhen niu,https://creativecommons.org/licenses/by-nc-sa/4.0/,"Zhen niu via xeno-canto.org (XC1005445), https://creativecommons.org/licenses/by-nc-sa/4.0/",pending,v1,,1005445,2:39
taxon-phoenicurus-auroreus,call,China,,https://xeno-canto.org/985489/download,Ray Tsu 诸仁,https://creativecommons.org/licenses/by-nc-sa/4.0/,"Ray Tsu 诸仁 via xeno-canto.org (XC985489), https://creativecommons.org/licenses/by-nc-sa/4.0/",pending,v1,,985489,0:17
taxon-phoenicurus-auroreus,call,China,,https://xeno-canto.org/985446/download,Ray Tsu 诸仁,https://creativecommons.org/licenses/by-nc-sa/4.0/,"Ray Tsu 诸仁 via xeno-canto.org (XC985446), https://creativecommons.org/licenses/by-nc-sa/4.0/",pending,v1,,985446,0:40
taxon-phoenicurus-auroreus,call,China,,https://xeno-canto.org/985439/download,Ray Tsu 诸仁,https://creativecommons.org/licenses/by-nc-sa/4.0/,"Ray Tsu 诸仁 via xeno-canto.org (XC985439), https://creativecommons.org/licenses/by-nc-sa/4.0/",pending,v1,,985439,1:06
taxon-phoenicurus-auroreus,call,China,,https://xeno-canto.org/978956/download,Ray Tsu 诸仁,https://creativecommons.org/licenses/by-nc-sa/4.0/,"Ray Tsu 诸仁 via xeno-canto.org (XC978956), https://creativecommons.org/licenses/by-nc-sa/4.0/",pending,v1,,978956,0:48
taxon-phoenicurus-auroreus,call,China,,https://xeno-canto.org/978955/download,Ray Tsu 诸仁,https://creativecommons.org/licenses/by-nc-sa/4.0/,"Ray Tsu 诸仁 via xeno-canto.org (XC978955), https://creativecommons.org/licenses/by-nc-sa/4.0/",pending,v1,,978955,0:40
taxon-phoenicurus-auroreus,call,China,,https://xeno-canto.org/978954/download,Ray Tsu 诸仁,https://creativecommons.org/licenses/by-nc-sa/4.0/,"Ray Tsu 诸仁 via xeno-canto.org (XC978954), https://creativecommons.org/licenses/by-nc-sa/4.0/",pending,v1,,978954,2:42
taxon-phoenicurus-auroreus,call,China,,https://xeno-canto.org/978951/download,Ray Tsu 诸仁,https://creativecommons.org/licenses/by-nc-sa/4.0/,"Ray Tsu 诸仁 via xeno-canto.org (XC978951), https://creativecommons.org/licenses/by-nc-sa/4.0/",pending,v1,,978951,0:18
taxon-phoenicurus-auroreus,call,China,,https://xeno-canto.org/978944/download,Ray Tsu 诸仁,https://creativecommons.org/licenses/by-nc-sa/4.0/,"Ray Tsu 诸仁 via xeno-canto.org (XC978944), https://creativecommons.org/licenses/by-nc-sa/4.0/",pending,v1,,978944,0:26
taxon-phoenicurus-auroreus,call,China,,https://xeno-canto.org/978900/download,Ray Tsu 诸仁,https://creativecommons.org/licenses/by-nc-sa/4.0/,"Ray Tsu 诸仁 via xeno-canto.org (XC978900), https://creativecommons.org/licenses/by-nc-sa/4.0/",pending,v1,,978900,0:09
taxon-phoenicurus-auroreus,call,China,,https://xeno-canto.org/977650/download,Ray Tsu 诸仁,https://creativecommons.org/licenses/by-nc-sa/4.0/,"Ray Tsu 诸仁 via xeno-canto.org (XC977650), https://creativecommons.org/licenses/by-nc-sa/4.0/",pending,v1,,977650,0:48
taxon-phoenicurus-auroreus,call,China,,https://xeno-canto.org/974999/download,Ray Tsu 诸仁,https://creativecommons.org/licenses/by-nc-sa/4.0/,"Ray Tsu 诸仁 via xeno-canto.org (XC974999), https://creativecommons.org/licenses/by-nc-sa/4.0/",pending,v1,,974999,0:09
taxon-phoenicurus-auroreus,call,China,,https://xeno-canto.org/972310/download,Ray Tsu 诸仁,https://creativecommons.org/licenses/by-nc-sa/4.0/,"Ray Tsu 诸仁 via xeno-canto.org (XC972310), https://creativecommons.org/licenses/by-nc-sa/4.0/",pending,v1,,972310,1:23
taxon-phoenicurus-auroreus,call,China,,https://xeno-canto.org/943173/download,小菜鸟,https://creativecommons.org/licenses/by-nc-sa/4.0/,"小菜鸟 via xeno-canto.org (XC943173), https://creativecommons.org/licenses/by-nc-sa/4.0/",pending,v1,,943173,0:02
taxon-phoenicurus-auroreus,call,China,,https://xeno-canto.org/943172/download,小菜鸟,https://creativecommons.org/licenses/by-nc-sa/4.0/,"小菜鸟 via xeno-canto.org (XC943172), https://creativecommons.org/licenses/by-nc-sa/4.0/",pending,v1,,943172,0:10
taxon-phoenicurus-auroreus,call,China,,https://xeno-canto.org/877986/download,小菜鸟,https://creativecommons.org/licenses/by-nc-sa/4.0/,"小菜鸟 via xeno-canto.org (XC877986), https://creativecommons.org/licenses/by-nc-sa/4.0/",pending,v1,,877986,0:24
taxon-phoenicurus-auroreus,call,China,,https://xeno-canto.org/877985/download,小菜鸟,https://creativecommons.org/licenses/by-nc-sa/4.0/,"小菜鸟 via xeno-canto.org (XC877985), https://creativecommons.org/licenses/by-nc-sa/4.0/",pending,v1,,877985,1:02
taxon-phoenicurus-auroreus,call,China,,https://xeno-canto.org/861300/download,Ray Tsu 诸仁,https://creativecommons.org/licenses/by-nc-sa/4.0/,"Ray Tsu 诸仁 via xeno-canto.org (XC861300), https://creativecommons.org/licenses/by-nc-sa/4.0/",pending,v1,,861300,0:10
taxon-phoenicurus-auroreus,call,China,,https://xeno-canto.org/841448/download,Bo Shunqi 薄顺奇,https://creativecommons.org/licenses/by-nc-sa/4.0/,"Bo Shunqi 薄顺奇 via xeno-canto.org (XC841448), https://creativecommons.org/licenses/by-nc-sa/4.0/",pending,v1,,841448,1:15
taxon-phoenicurus-auroreus,call,China,,https://xeno-canto.org/840782/download,Bo Shunqi 薄顺奇,https://creativecommons.org/licenses/by-nc-sa/4.0/,"Bo Shunqi 薄顺奇 via xeno-canto.org (XC840782), https://creativecommons.org/licenses/by-nc-sa/4.0/",pending,v1,,840782,0:53
taxon-phoenicurus-auroreus,call,Mongolia,,https://xeno-canto.org/835735/download,Martin Billard,https://creativecommons.org/licenses/by-nc-sa/4.0/,"Martin Billard via xeno-canto.org (XC835735), https://creativecommons.org/licenses/by-nc-sa/4.0/",pending,v1,,835735,0:20
taxon-phoenicurus-auroreus,call,Mongolia,,https://xeno-canto.org/833982/download,Martin Billard,https://creativecommons.org/licenses/by-nc-sa/4.0/,"Martin Billard via xeno-canto.org (XC833982), https://creativecommons.org/licenses/by-nc-sa/4.0/",pending,v1,,833982,0:08
taxon-phoenicurus-auroreus,call,China,,https://xeno-canto.org/824770/download,Bo Shunqi 薄顺奇,https://creativecommons.org/licenses/by-nc-sa/4.0/,"Bo Shunqi 薄顺奇 via xeno-canto.org (XC824770), https://creativecommons.org/licenses/by-nc-sa/4.0/",pending,v1,,824770,0:26
taxon-phoenicurus-auroreus,call,China,,https://xeno-canto.org/820433/download,Ray Tsu 诸仁,https://creativecommons.org/licenses/by-nc-sa/4.0/,"Ray Tsu 诸仁 via xeno-canto.org (XC820433), https://creativecommons.org/licenses/by-nc-sa/4.0/",pending,v1,,820433,0:52
taxon-phoenicurus-auroreus,call,Mongolia,,https://xeno-canto.org/809608/download,Manceau Lionel,https://creativecommons.org/licenses/by-nc-sa/4.0/,"Manceau Lionel via xeno-canto.org (XC809608), https://creativecommons.org/licenses/by-nc-sa/4.0/",pending,v1,,809608,0:57
taxon-phoenicurus-auroreus,call,China,,https://xeno-canto.org/807179/download,Mingpan Huang,https://creativecommons.org/licenses/by-nc-sa/4.0/,"Mingpan Huang via xeno-canto.org (XC807179), https://creativecommons.org/licenses/by-nc-sa/4.0/",pending,v1,,807179,0:31
taxon-phoenicurus-auroreus,call,Russian Federation,,https://xeno-canto.org/805613/download,Vadim Ivushkin ,https://creativecommons.org/licenses/by-nc-sa/4.0/,"Vadim Ivushkin  via xeno-canto.org (XC805613), https://creativecommons.org/licenses/by-nc-sa/4.0/",pending,v1,,805613,0:29
taxon-phoenicurus-auroreus,call,China,,https://xeno-canto.org/805198/download,Bo Shunqi 薄顺奇,https://creativecommons.org/licenses/by-nc-sa/4.0/,"Bo Shunqi 薄顺奇 via xeno-canto.org (XC805198), https://creativecommons.org/licenses/by-nc-sa/4.0/",pending,v1,,805198,4:28
taxon-phoenicurus-auroreus,call,China,,https://xeno-canto.org/794583/download,Tiantian Zhao 赵天天,https://creativecommons.org/licenses/by-nc-sa/4.0/,"Tiantian Zhao 赵天天 via xeno-canto.org (XC794583), https://creativecommons.org/licenses/by-nc-sa/4.0/",pending,v1,,794583,0:12
taxon-phoenicurus-auroreus,call,China,,https://xeno-canto.org/790686/download,Bo Shunqi 薄顺奇,https://creativecommons.org/licenses/by-nc-sa/4.0/,"Bo Shunqi 薄顺奇 via xeno-canto.org (XC790686), https://creativecommons.org/licenses/by-nc-sa/4.0/",pending,v1,,790686,0:35
taxon-phoenicurus-auroreus,call,Russian Federation,,https://xeno-canto.org/782127/download,Mikhail Nevsky,https://creativecommons.org/licenses/by-nc-sa/4.0/,"Mikhail Nevsky via xeno-canto.org (XC782127), https://creativecommons.org/licenses/by-nc-sa/4.0/",pending,v1,,782127,0:12
taxon-phoenicurus-auroreus,call,China,,https://xeno-canto.org/778982/download,Tiantian Zhao 赵天天,https://creativecommons.org/licenses/by-nc-sa/4.0/,"Tiantian Zhao 赵天天 via xeno-canto.org (XC778982), https://creativecommons.org/licenses/by-nc-sa/4.0/",pending,v1,,778982,0:09
taxon-phoenicurus-auroreus,call,China,,https://xeno-canto.org/770538/download,Dave Guo,https://creativecommons.org/licenses/by-nc-sa/4.0/,"Dave Guo via xeno-canto.org (XC770538), https://creativecommons.org/licenses/by-nc-sa/4.0/",pending,v1,,770538,0:12
taxon-phoenicurus-auroreus,call,Mongolia,,https://xeno-canto.org/766314/download,Stanislas Wroza,https://creativecommons.org/licenses/by-nc-sa/4.0/,"Stanislas Wroza via xeno-canto.org (XC766314), https://creativecommons.org/licenses/by-nc-sa/4.0/",pending,v1,,766314,0:19
taxon-phoenicurus-auroreus,call,Mongolia,,https://xeno-canto.org/766313/download,Stanislas Wroza,https://creativecommons.org/licenses/by-nc-sa/4.0/,"Stanislas Wroza via xeno-canto.org (XC766313), https://creativecommons.org/licenses/by-nc-sa/4.0/",pending,v1,,766313,0:28
taxon-phoenicurus-auroreus,call,China,,https://xeno-canto.org/741569/download,Geoff Carey,https://creativecommons.org/licenses/by-nc-sa/4.0/,"Geoff Carey via xeno-canto.org (XC741569), https://creativecommons.org/licenses/by-nc-sa/4.0/",pending,v1,,741569,0:30
taxon-phoenicurus-auroreus,call,China,,https://xeno-canto.org/741568/download,Geoff Carey,https://creativecommons.org/licenses/by-nc-sa/4.0/,"Geoff Carey via xeno-canto.org (XC741568), https://creativecommons.org/licenses/by-nc-sa/4.0/",pending,v1,,741568,0:10
taxon-phoenicurus-auroreus,call,China,,https://xeno-canto.org/718402/download,Bo Shunqi,https://creativecommons.org/licenses/by-nc-sa/4.0/,"Bo Shunqi via xeno-canto.org (XC718402), https://creativecommons.org/licenses/by-nc-sa/4.0/",pending,v1,,718402,0:42
taxon-phoenicurus-auroreus,call,China,,https://xeno-canto.org/718374/download,Bo Shunqi,https://creativecommons.org/licenses/by-nc-sa/4.0/,"Bo Shunqi via xeno-canto.org (XC718374), https://creativecommons.org/licenses/by-nc-sa/4.0/",pending,v1,,718374,0:49
taxon-phoenicurus-auroreus,call,Taiwan,,https://xeno-canto.org/618028/download,Kuan-Chieh (Chuck) Hung, Taiwanbirdguide.com,https://creativecommons.org/licenses/by-nc-sa/4.0/,"Kuan-Chieh (Chuck) Hung, Taiwanbirdguide.com via xeno-canto.org (XC618028), https://creativecommons.org/licenses/by-nc-sa/4.0/",pending,v1,,618028,2:08
taxon-phoenicurus-auroreus,call,Russian Federation,,https://xeno-canto.org/485860/download,Stanislas Wroza,https://creativecommons.org/licenses/by-nc-sa/4.0/,"Stanislas Wroza via xeno-canto.org (XC485860), https://creativecommons.org/licenses/by-nc-sa/4.0/",pending,v1,,485860,0:28
taxon-phoenicurus-auroreus,call,Russian Federation,,https://xeno-canto.org/485296/download,Stanislas Wroza,https://creativecommons.org/licenses/by-nc-sa/4.0/,"Stanislas Wroza via xeno-canto.org (XC485296), https://creativecommons.org/licenses/by-nc-sa/4.0/",pending,v1,,485296,1:14
taxon-phoenicurus-auroreus,call,South Korea,,https://xeno-canto.org/464614/download,Martin Sutherland,https://creativecommons.org/licenses/by-nc-sa/4.0/,"Martin Sutherland via xeno-canto.org (XC464614), https://creativecommons.org/licenses/by-nc-sa/4.0/",pending,v1,,464614,0:23
taxon-phoenicurus-auroreus,call,China,,https://xeno-canto.org/1101481/download,Bo Shunqi 薄顺奇,https://creativecommons.org/licenses/by-nc-sa/4.0/,"Bo Shunqi 薄顺奇 via xeno-canto.org (XC1101481), https://creativecommons.org/licenses/by-nc-sa/4.0/",pending,v1,,1101481,0:41
taxon-phoenicurus-auroreus,call,China,,https://xeno-canto.org/1049060/download,Bo Shunqi 薄顺奇,https://creativecommons.org/licenses/by-nc-sa/4.0/,"Bo Shunqi 薄顺奇 via xeno-canto.org (XC1049060), https://creativecommons.org/licenses/by-nc-sa/4.0/",pending,v1,,1049060,1:22
taxon-phoenicurus-auroreus,call,China,,https://xeno-canto.org/1049059/download,Bo Shunqi 薄顺奇,https://creativecommons.org/licenses/by-nc-sa/4.0/,"Bo Shunqi 薄顺奇 via xeno-canto.org (XC1049059), https://creativecommons.org/licenses/by-nc-sa/4.0/",pending,v1,,1049059,0:57
taxon-phoenicurus-auroreus,call,China,,https://xeno-canto.org/1048527/download,Bo Shunqi 薄顺奇,https://creativecommons.org/licenses/by-nc-sa/4.0/,"Bo Shunqi 薄顺奇 via xeno-canto.org (XC1048527), https://creativecommons.org/licenses/by-nc-sa/4.0/",pending,v1,,1048527,1:50
taxon-phoenicurus-auroreus,call,Mongolia,,https://xeno-canto.org/1027585/download,Richard E. Webster,https://creativecommons.org/licenses/by-nc-sa/4.0/,"Richard E. Webster via xeno-canto.org (XC1027585), https://creativecommons.org/licenses/by-nc-sa/4.0/",pending,v1,,1027585,0:21
taxon-phoenicurus-auroreus,call,China,,https://xeno-canto.org/1016250/download,Dave Guo,https://creativecommons.org/licenses/by-nc-sa/4.0/,"Dave Guo via xeno-canto.org (XC1016250), https://creativecommons.org/licenses/by-nc-sa/4.0/",pending,v1,,1016250,0:27
taxon-phoenicurus-auroreus,call,China,,https://xeno-canto.org/1004300/download,Lucas-Chen,https://creativecommons.org/licenses/by-nc-sa/4.0/,"Lucas-Chen via xeno-canto.org (XC1004300), https://creativecommons.org/licenses/by-nc-sa/4.0/",pending,v1,,1004300,0:11
taxon-phoenicurus-auroreus,call,China,,https://xeno-canto.org/999956/download,Bo Shunqi 薄顺奇,https://creativecommons.org/licenses/by-nc-sa/4.0/,"Bo Shunqi 薄顺奇 via xeno-canto.org (XC999956), https://creativecommons.org/licenses/by-nc-sa/4.0/",pending,v1,,999956,3:58
taxon-phoenicurus-auroreus,call,China,,https://xeno-canto.org/964734/download,Dave GUO,https://creativecommons.org/licenses/by-nc-sa/4.0/,"Dave GUO via xeno-canto.org (XC964734), https://creativecommons.org/licenses/by-nc-sa/4.0/",pending,v1,,964734,0:17
taxon-phoenicurus-auroreus,call,China,,https://xeno-canto.org/962593/download,Lucas-Chen,https://creativecommons.org/licenses/by-nc-sa/4.0/,"Lucas-Chen via xeno-canto.org (XC962593), https://creativecommons.org/licenses/by-nc-sa/4.0/",pending,v1,,962593,0:14
taxon-phoenicurus-auroreus,call,China,,https://xeno-canto.org/823445/download,Bo Shunqi 薄顺奇,https://creativecommons.org/licenses/by-nc-sa/4.0/,"Bo Shunqi 薄顺奇 via xeno-canto.org (XC823445), https://creativecommons.org/licenses/by-nc-sa/4.0/",pending,v1,,823445,3:12
taxon-phoenicurus-auroreus,call,China,,https://xeno-canto.org/814056/download,Oriental Stork,https://creativecommons.org/licenses/by-nc-sa/4.0/,"Oriental Stork via xeno-canto.org (XC814056), https://creativecommons.org/licenses/by-nc-sa/4.0/",pending,v1,,814056,1:11
taxon-phoenicurus-auroreus,call,China,,https://xeno-canto.org/768919/download,Dave Guo,https://creativecommons.org/licenses/by-nc-sa/4.0/,"Dave Guo via xeno-canto.org (XC768919), https://creativecommons.org/licenses/by-nc-sa/4.0/",pending,v1,,768919,0:29
taxon-phoenicurus-auroreus,call,China,,https://xeno-canto.org/768615/download,Dave Guo,https://creativecommons.org/licenses/by-nc-sa/4.0/,"Dave Guo via xeno-canto.org (XC768615), https://creativecommons.org/licenses/by-nc-sa/4.0/",pending,v1,,768615,0:27
taxon-phoenicurus-auroreus,call,China,,https://xeno-canto.org/768453/download,Dave Guo,https://creativecommons.org/licenses/by-nc-sa/4.0/,"Dave Guo via xeno-canto.org (XC768453), https://creativecommons.org/licenses/by-nc-sa/4.0/",pending,v1,,768453,0:01
taxon-phoenicurus-auroreus,call,Mongolia,,https://xeno-canto.org/766312/download,Stanislas Wroza,https://creativecommons.org/licenses/by-nc-sa/4.0/,"Stanislas Wroza via xeno-canto.org (XC766312), https://creativecommons.org/licenses/by-nc-sa/4.0/",pending,v1,,766312,0:21
taxon-phoenicurus-auroreus,call,Mongolia,,https://xeno-canto.org/766311/download,Stanislas Wroza,https://creativecommons.org/licenses/by-nc-sa/4.0/,"Stanislas Wroza via xeno-canto.org (XC766311), https://creativecommons.org/licenses/by-nc-sa/4.0/",pending,v1,,766311,0:08
taxon-phoenicurus-auroreus,call,China,,https://xeno-canto.org/761694/download,Shuangqi Liu,https://creativecommons.org/licenses/by-nc-sa/4.0/,"Shuangqi Liu via xeno-canto.org (XC761694), https://creativecommons.org/licenses/by-nc-sa/4.0/",pending,v1,,761694,0:12
taxon-phoenicurus-auroreus,call,China,,https://xeno-canto.org/760878/download,Ray Tsu 诸仁,https://creativecommons.org/licenses/by-nc-sa/4.0/,"Ray Tsu 诸仁 via xeno-canto.org (XC760878), https://creativecommons.org/licenses/by-nc-sa/4.0/",pending,v1,,760878,0:09
taxon-phoenicurus-auroreus,call,China,,https://xeno-canto.org/760658/download,Ray Tsu 诸仁,https://creativecommons.org/licenses/by-nc-sa/4.0/,"Ray Tsu 诸仁 via xeno-canto.org (XC760658), https://creativecommons.org/licenses/by-nc-sa/4.0/",pending,v1,,760658,0:38
taxon-phoenicurus-auroreus,call,China,,https://xeno-canto.org/760656/download,Ray Tsu 诸仁,https://creativecommons.org/licenses/by-nc-sa/4.0/,"Ray Tsu 诸仁 via xeno-canto.org (XC760656), https://creativecommons.org/licenses/by-nc-sa/4.0/",pending,v1,,760656,1:03
taxon-phoenicurus-auroreus,call,China,,https://xeno-canto.org/750495/download,pehjiang,https://creativecommons.org/licenses/by-nc-sa/4.0/,"pehjiang via xeno-canto.org (XC750495), https://creativecommons.org/licenses/by-nc-sa/4.0/",pending,v1,,750495,0:12
taxon-phoenicurus-auroreus,call,China,,https://xeno-canto.org/750494/download,pehjiang,https://creativecommons.org/licenses/by-nc-sa/4.0/,"pehjiang via xeno-canto.org (XC750494), https://creativecommons.org/licenses/by-nc-sa/4.0/",pending,v1,,750494,0:16
taxon-phoenicurus-auroreus,call,China,,https://xeno-canto.org/718401/download,Bo Shunqi,https://creativecommons.org/licenses/by-nc-sa/4.0/,"Bo Shunqi via xeno-canto.org (XC718401), https://creativecommons.org/licenses/by-nc-sa/4.0/",pending,v1,,718401,0:36
taxon-phoenicurus-auroreus,call,China,,https://xeno-canto.org/711709/download,Common Jeff（麻杰夫）,https://creativecommons.org/licenses/by-nc-sa/4.0/,"Common Jeff（麻杰夫） via xeno-canto.org (XC711709), https://creativecommons.org/licenses/by-nc-sa/4.0/",pending,v1,,711709,0:15
taxon-phoenicurus-auroreus,call,China,,https://xeno-canto.org/692374/download,Ray Tsu 诸仁,https://creativecommons.org/licenses/by-nc-sa/4.0/,"Ray Tsu 诸仁 via xeno-canto.org (XC692374), https://creativecommons.org/licenses/by-nc-sa/4.0/",pending,v1,,692374,1:12
taxon-phoenicurus-auroreus,call,South Korea,,https://xeno-canto.org/571518/download,Wonseok Jang,https://creativecommons.org/licenses/by-nc-sa/4.0/,"Wonseok Jang via xeno-canto.org (XC571518), https://creativecommons.org/licenses/by-nc-sa/4.0/",pending,v1,,571518,0:56
taxon-larus-crassirostris,call,China,,https://xeno-canto.org/1101470/download,Bo Shunqi 薄顺奇,https://creativecommons.org/licenses/by-nc-sa/4.0/,"Bo Shunqi 薄顺奇 via xeno-canto.org (XC1101470), https://creativecommons.org/licenses/by-nc-sa/4.0/",pending,v1,,1101470,0:08
taxon-larus-crassirostris,call,China,,https://xeno-canto.org/1101469/download,Bo Shunqi 薄顺奇,https://creativecommons.org/licenses/by-nc-sa/4.0/,"Bo Shunqi 薄顺奇 via xeno-canto.org (XC1101469), https://creativecommons.org/licenses/by-nc-sa/4.0/",pending,v1,,1101469,0:39
taxon-larus-crassirostris,call,China,,https://xeno-canto.org/1101468/download,Bo Shunqi 薄顺奇,https://creativecommons.org/licenses/by-nc-sa/4.0/,"Bo Shunqi 薄顺奇 via xeno-canto.org (XC1101468), https://creativecommons.org/licenses/by-nc-sa/4.0/",pending,v1,,1101468,0:15
taxon-larus-crassirostris,call,Japan,,https://xeno-canto.org/1016634/download,Uku Paal,https://creativecommons.org/licenses/by-nc-sa/4.0/,"Uku Paal via xeno-canto.org (XC1016634), https://creativecommons.org/licenses/by-nc-sa/4.0/",pending,v1,,1016634,0:27
taxon-larus-crassirostris,call,China,,https://xeno-canto.org/1008519/download,Shuangqi Liu,https://creativecommons.org/licenses/by-nc-sa/4.0/,"Shuangqi Liu via xeno-canto.org (XC1008519), https://creativecommons.org/licenses/by-nc-sa/4.0/",pending,v1,,1008519,2:12
taxon-larus-crassirostris,call,China,,https://xeno-canto.org/991489/download,Feather V,https://creativecommons.org/licenses/by-nc-sa/4.0/,"Feather V via xeno-canto.org (XC991489), https://creativecommons.org/licenses/by-nc-sa/4.0/",pending,v1,,991489,0:06
taxon-larus-crassirostris,call,China,,https://xeno-canto.org/840768/download,Bo Shunqi 薄顺奇,https://creativecommons.org/licenses/by-nc-sa/4.0/,"Bo Shunqi 薄顺奇 via xeno-canto.org (XC840768), https://creativecommons.org/licenses/by-nc-sa/4.0/",pending,v1,,840768,2:45
taxon-larus-crassirostris,call,China,,https://xeno-canto.org/840767/download,Bo Shunqi 薄顺奇,https://creativecommons.org/licenses/by-nc-sa/4.0/,"Bo Shunqi 薄顺奇 via xeno-canto.org (XC840767), https://creativecommons.org/licenses/by-nc-sa/4.0/",pending,v1,,840767,1:38
taxon-larus-crassirostris,call,China,,https://xeno-canto.org/839073/download,Bo Shunqi 薄顺奇,https://creativecommons.org/licenses/by-nc-sa/4.0/,"Bo Shunqi 薄顺奇 via xeno-canto.org (XC839073), https://creativecommons.org/licenses/by-nc-sa/4.0/",pending,v1,,839073,1:07
taxon-larus-crassirostris,call,China,,https://xeno-canto.org/834388/download,Ray Tsu 诸仁,https://creativecommons.org/licenses/by-nc-sa/4.0/,"Ray Tsu 诸仁 via xeno-canto.org (XC834388), https://creativecommons.org/licenses/by-nc-sa/4.0/",pending,v1,,834388,0:06
taxon-larus-crassirostris,call,South Korea,,https://xeno-canto.org/787497/download,Stuart Fisher,https://creativecommons.org/licenses/by-nc-sa/4.0/,"Stuart Fisher via xeno-canto.org (XC787497), https://creativecommons.org/licenses/by-nc-sa/4.0/",pending,v1,,787497,0:17
taxon-larus-crassirostris,call,Japan,,https://xeno-canto.org/627390/download,Jerome Chie-Jen Ko,https://creativecommons.org/licenses/by-nc-sa/4.0/,"Jerome Chie-Jen Ko via xeno-canto.org (XC627390), https://creativecommons.org/licenses/by-nc-sa/4.0/",pending,v1,,627390,1:00
taxon-larus-crassirostris,call,South Korea,,https://xeno-canto.org/464604/download,Martin Sutherland,https://creativecommons.org/licenses/by-nc-sa/4.0/,"Martin Sutherland via xeno-canto.org (XC464604), https://creativecommons.org/licenses/by-nc-sa/4.0/",pending,v1,,464604,2:03
taxon-larus-crassirostris,call,China,,https://xeno-canto.org/411996/download,Bo Shunqi,https://creativecommons.org/licenses/by-nc-sa/4.0/,"Bo Shunqi via xeno-canto.org (XC411996), https://creativecommons.org/licenses/by-nc-sa/4.0/",pending,v1,,411996,0:46
taxon-larus-crassirostris,call,Russian Federation,,https://xeno-canto.org/344932/download,Albert Lastukhin &amp; Yuri Glushchenko,https://creativecommons.org/licenses/by-nc-sa/4.0/,"Albert Lastukhin &amp; Yuri Glushchenko via xeno-canto.org (XC344932), https://creativecommons.org/licenses/by-nc-sa/4.0/",pending,v1,,344932,0:11
taxon-larus-crassirostris,call,Russian Federation,,https://xeno-canto.org/344913/download,Albert Lastukhin &amp; Yuri Glushchenko,https://creativecommons.org/licenses/by-nc-sa/4.0/,"Albert Lastukhin &amp; Yuri Glushchenko via xeno-canto.org (XC344913), https://creativecommons.org/licenses/by-nc-sa/4.0/",pending,v1,,344913,0:12
taxon-larus-crassirostris,call,Japan,,https://xeno-canto.org/284651/download,Antony Schubert,https://creativecommons.org/licenses/by-nc-sa/4.0/,"Antony Schubert via xeno-canto.org (XC284651), https://creativecommons.org/licenses/by-nc-sa/4.0/",pending,v1,,284651,0:50
taxon-larus-crassirostris,call,China,,https://xeno-canto.org/1158191/download,Junning Wang,https://creativecommons.org/licenses/by-nc-sa/4.0/,"Junning Wang via xeno-canto.org (XC1158191), https://creativecommons.org/licenses/by-nc-sa/4.0/",pending,v1,,1158191,1:11
taxon-larus-crassirostris,call,Japan,,https://xeno-canto.org/903942/download,KEISUKE KAGOSHIMA,https://creativecommons.org/licenses/by-nc-sa/4.0/,"KEISUKE KAGOSHIMA via xeno-canto.org (XC903942), https://creativecommons.org/licenses/by-nc-sa/4.0/",pending,v1,,903942,0:05
taxon-larus-crassirostris,call,China,,https://xeno-canto.org/892290/download,Dave GUO,https://creativecommons.org/licenses/by-nc-sa/4.0/,"Dave GUO via xeno-canto.org (XC892290), https://creativecommons.org/licenses/by-nc-sa/4.0/",pending,v1,,892290,0:28
taxon-larus-crassirostris,call,Russian Federation,,https://xeno-canto.org/344933/download,Albert Lastukhin &amp; Yuri Glushchenko,https://creativecommons.org/licenses/by-nc-sa/4.0/,"Albert Lastukhin &amp; Yuri Glushchenko via xeno-canto.org (XC344933), https://creativecommons.org/licenses/by-nc-sa/4.0/",pending,v1,,344933,0:38
taxon-larus-crassirostris,call,Russian Federation,,https://xeno-canto.org/344911/download,Albert Lastukhin &amp; Yuri Glushchenko,https://creativecommons.org/licenses/by-nc-sa/4.0/,"Albert Lastukhin &amp; Yuri Glushchenko via xeno-canto.org (XC344911), https://creativecommons.org/licenses/by-nc-sa/4.0/",pending,v1,,344911,0:10
taxon-larus-crassirostris,call,Russian Federation,,https://xeno-canto.org/266263/download,Albert Lastukhin,https://creativecommons.org/licenses/by-nc-sa/4.0/,"Albert Lastukhin via xeno-canto.org (XC266263), https://creativecommons.org/licenses/by-nc-sa/4.0/",pending,v1,,266263,0:10
taxon-larus-crassirostris,call,China,,https://xeno-canto.org/255478/download,Jarmo Pirhonen,https://creativecommons.org/licenses/by-nc-sa/4.0/,"Jarmo Pirhonen via xeno-canto.org (XC255478), https://creativecommons.org/licenses/by-nc-sa/4.0/",pending,v1,,255478,0:08
taxon-larus-crassirostris,call,Japan,,https://xeno-canto.org/915082/download,Uku Paal,https://creativecommons.org/licenses/by-nc-sa/4.0/,"Uku Paal via xeno-canto.org (XC915082), https://creativecommons.org/licenses/by-nc-sa/4.0/",pending,v1,,915082,0:06
taxon-larus-crassirostris,call,Russian Federation,,https://xeno-canto.org/489782/download,Albert Lastukhin,https://creativecommons.org/licenses/by-nc-sa/4.0/,"Albert Lastukhin via xeno-canto.org (XC489782), https://creativecommons.org/licenses/by-nc-sa/4.0/",pending,v1,,489782,0:44
taxon-larus-crassirostris,call,Russian Federation,,https://xeno-canto.org/344931/download,Albert Lastukhin &amp; Yuri Glushchenko,https://creativecommons.org/licenses/by-nc-sa/4.0/,"Albert Lastukhin &amp; Yuri Glushchenko via xeno-canto.org (XC344931), https://creativecommons.org/licenses/by-nc-sa/4.0/",pending,v1,,344931,1:22
taxon-larus-crassirostris,call,China,,https://xeno-canto.org/676671/download,ely what,https://creativecommons.org/licenses/by-nc-sa/4.0/,"ely what via xeno-canto.org (XC676671), https://creativecommons.org/licenses/by-nc-sa/4.0/",pending,v1,,676671,0:32
taxon-anas-platyrhynchos,call,United Kingdom,,https://xeno-canto.org/1142977/download,David Darrell-Lambert,https://creativecommons.org/licenses/by-nc-sa/4.0/,"David Darrell-Lambert via xeno-canto.org (XC1142977), https://creativecommons.org/licenses/by-nc-sa/4.0/",pending,v1,,1142977,1:16
taxon-anas-platyrhynchos,call,Canada,,https://xeno-canto.org/1135833/download,Jeff Stewart,https://creativecommons.org/licenses/by-nc-sa/4.0/,"Jeff Stewart via xeno-canto.org (XC1135833), https://creativecommons.org/licenses/by-nc-sa/4.0/",pending,v1,,1135833,0:13
taxon-anas-platyrhynchos,call,Sweden,,https://xeno-canto.org/1094846/download,Petter Westberg,https://creativecommons.org/licenses/by-nc-sa/4.0/,"Petter Westberg via xeno-canto.org (XC1094846), https://creativecommons.org/licenses/by-nc-sa/4.0/",pending,v1,,1094846,0:09
taxon-anas-platyrhynchos,call,Finland,,https://xeno-canto.org/1092629/download,Miika Silfverberg,https://creativecommons.org/licenses/by-nc-sa/4.0/,"Miika Silfverberg via xeno-canto.org (XC1092629), https://creativecommons.org/licenses/by-nc-sa/4.0/",pending,v1,,1092629,0:38
taxon-anas-platyrhynchos,call,Spain,,https://xeno-canto.org/1082130/download,João Ferreira Tomás,https://creativecommons.org/licenses/by-nc-sa/4.0/,"João Ferreira Tomás via xeno-canto.org (XC1082130), https://creativecommons.org/licenses/by-nc-sa/4.0/",pending,v1,,1082130,0:43
taxon-anas-platyrhynchos,call,Finland,,https://xeno-canto.org/1035831/download,Miika Silfverberg,https://creativecommons.org/licenses/by-nc-sa/4.0/,"Miika Silfverberg via xeno-canto.org (XC1035831), https://creativecommons.org/licenses/by-nc-sa/4.0/",pending,v1,,1035831,1:00
taxon-anas-platyrhynchos,call,United States,,https://xeno-canto.org/1034784/download,Richard E. Webster,https://creativecommons.org/licenses/by-nc-sa/4.0/,"Richard E. Webster via xeno-canto.org (XC1034784), https://creativecommons.org/licenses/by-nc-sa/4.0/",pending,v1,,1034784,3:25
taxon-anas-platyrhynchos,call,Belgium,,https://xeno-canto.org/1029063/download,Xavier Riera,https://creativecommons.org/licenses/by-nc-sa/4.0/,"Xavier Riera via xeno-canto.org (XC1029063), https://creativecommons.org/licenses/by-nc-sa/4.0/",pending,v1,,1029063,1:21
taxon-anas-platyrhynchos,call,Spain,,https://xeno-canto.org/996675/download,João Ferreira Tomás,https://creativecommons.org/licenses/by-nc-sa/4.0/,"João Ferreira Tomás via xeno-canto.org (XC996675), https://creativecommons.org/licenses/by-nc-sa/4.0/",pending,v1,,996675,0:06
taxon-anas-platyrhynchos,call,United Kingdom,,https://xeno-canto.org/984930/download,David Darrell-Lambert,https://creativecommons.org/licenses/by-nc-sa/4.0/,"David Darrell-Lambert via xeno-canto.org (XC984930), https://creativecommons.org/licenses/by-nc-sa/4.0/",pending,v1,,984930,0:08
taxon-anas-platyrhynchos,call,United Kingdom,,https://xeno-canto.org/982820/download,Mark Plummer,https://creativecommons.org/licenses/by-nc-sa/4.0/,"Mark Plummer via xeno-canto.org (XC982820), https://creativecommons.org/licenses/by-nc-sa/4.0/",pending,v1,,982820,0:24
taxon-anas-platyrhynchos,call,Hungary,,https://xeno-canto.org/980458/download,Garai József,https://creativecommons.org/licenses/by-nc-sa/4.0/,"Garai József via xeno-canto.org (XC980458), https://creativecommons.org/licenses/by-nc-sa/4.0/",pending,v1,,980458,0:19
taxon-anas-platyrhynchos,call,Sweden,,https://xeno-canto.org/976697/download,Lennart Jeppsson,https://creativecommons.org/licenses/by-nc-sa/4.0/,"Lennart Jeppsson via xeno-canto.org (XC976697), https://creativecommons.org/licenses/by-nc-sa/4.0/",pending,v1,,976697,0:19
taxon-anas-platyrhynchos,call,Spain,,https://xeno-canto.org/960550/download,João Ferreira Tomás,https://creativecommons.org/licenses/by-nc-sa/4.0/,"João Ferreira Tomás via xeno-canto.org (XC960550), https://creativecommons.org/licenses/by-nc-sa/4.0/",pending,v1,,960550,2:40
taxon-anas-platyrhynchos,call,Sweden,,https://xeno-canto.org/946815/download,Lars Edenius,https://creativecommons.org/licenses/by-nc-sa/4.0/,"Lars Edenius via xeno-canto.org (XC946815), https://creativecommons.org/licenses/by-nc-sa/4.0/",pending,v1,,946815,2:23
taxon-anas-platyrhynchos,call,Sweden,,https://xeno-canto.org/946811/download,Lars Edenius,https://creativecommons.org/licenses/by-nc-sa/4.0/,"Lars Edenius via xeno-canto.org (XC946811), https://creativecommons.org/licenses/by-nc-sa/4.0/",pending,v1,,946811,0:16
taxon-anas-platyrhynchos,call,United Kingdom,,https://xeno-canto.org/946769/download,Mark Plummer,https://creativecommons.org/licenses/by-nc-sa/4.0/,"Mark Plummer via xeno-canto.org (XC946769), https://creativecommons.org/licenses/by-nc-sa/4.0/",pending,v1,,946769,0:06
taxon-anas-platyrhynchos,call,Spain,,https://xeno-canto.org/884217/download,João Ferreira Tomás,https://creativecommons.org/licenses/by-nc-sa/4.0/,"João Ferreira Tomás via xeno-canto.org (XC884217), https://creativecommons.org/licenses/by-nc-sa/4.0/",pending,v1,,884217,0:08
taxon-anas-platyrhynchos,call,France,,https://xeno-canto.org/881155/download,Martin Billard,https://creativecommons.org/licenses/by-nc-sa/4.0/,"Martin Billard via xeno-canto.org (XC881155), https://creativecommons.org/licenses/by-nc-sa/4.0/",pending,v1,,881155,0:23
taxon-anas-platyrhynchos,call,Netherlands,,https://xeno-canto.org/870822/download,Susanne Kuijpers,https://creativecommons.org/licenses/by-nc-sa/4.0/,"Susanne Kuijpers via xeno-canto.org (XC870822), https://creativecommons.org/licenses/by-nc-sa/4.0/",pending,v1,,870822,0:11
taxon-anas-platyrhynchos,call,Netherlands,,https://xeno-canto.org/840246/download,Jorge Leitão,https://creativecommons.org/licenses/by-nc-sa/4.0/,"Jorge Leitão via xeno-canto.org (XC840246), https://creativecommons.org/licenses/by-nc-sa/4.0/",pending,v1,,840246,0:17
taxon-anas-platyrhynchos,call,Poland,,https://xeno-canto.org/805337/download,Ireneusz Oleksik,https://creativecommons.org/licenses/by-nc-sa/4.0/,"Ireneusz Oleksik via xeno-canto.org (XC805337), https://creativecommons.org/licenses/by-nc-sa/4.0/",pending,v1,,805337,0:29
taxon-anas-platyrhynchos,call,Sweden,,https://xeno-canto.org/800462/download,Lars Edenius,https://creativecommons.org/licenses/by-nc-sa/4.0/,"Lars Edenius via xeno-canto.org (XC800462), https://creativecommons.org/licenses/by-nc-sa/4.0/",pending,v1,,800462,0:36
taxon-anas-platyrhynchos,call,Sweden,,https://xeno-canto.org/799596/download,Lars Edenius,https://creativecommons.org/licenses/by-nc-sa/4.0/,"Lars Edenius via xeno-canto.org (XC799596), https://creativecommons.org/licenses/by-nc-sa/4.0/",pending,v1,,799596,0:52
taxon-anas-platyrhynchos,call,Sweden,,https://xeno-canto.org/793285/download,Lars Edenius,https://creativecommons.org/licenses/by-nc-sa/4.0/,"Lars Edenius via xeno-canto.org (XC793285), https://creativecommons.org/licenses/by-nc-sa/4.0/",pending,v1,,793285,0:06
taxon-anas-platyrhynchos,call,Denmark,,https://xeno-canto.org/785938/download,Christian Bøggild,https://creativecommons.org/licenses/by-nc-sa/4.0/,"Christian Bøggild via xeno-canto.org (XC785938), https://creativecommons.org/licenses/by-nc-sa/4.0/",pending,v1,,785938,0:05
taxon-anas-platyrhynchos,call,Sweden,,https://xeno-canto.org/747476/download,Lars Edenius,https://creativecommons.org/licenses/by-nc-sa/4.0/,"Lars Edenius via xeno-canto.org (XC747476), https://creativecommons.org/licenses/by-nc-sa/4.0/",pending,v1,,747476,0:22
taxon-anas-platyrhynchos,call,Sweden,,https://xeno-canto.org/734522/download,Lars Edenius,https://creativecommons.org/licenses/by-nc-sa/4.0/,"Lars Edenius via xeno-canto.org (XC734522), https://creativecommons.org/licenses/by-nc-sa/4.0/",pending,v1,,734522,0:07
taxon-anas-platyrhynchos,call,Sweden,,https://xeno-canto.org/734465/download,Lars Edenius,https://creativecommons.org/licenses/by-nc-sa/4.0/,"Lars Edenius via xeno-canto.org (XC734465), https://creativecommons.org/licenses/by-nc-sa/4.0/",pending,v1,,734465,0:17
taxon-anas-platyrhynchos,call,France,,https://xeno-canto.org/730554/download,Sonothèque ADVL,https://creativecommons.org/publicdomain/zero/1.0/,"Sonothèque ADVL via xeno-canto.org (XC730554), https://creativecommons.org/publicdomain/zero/1.0/",pending,v1,,730554,0:15
taxon-anas-platyrhynchos,call,Sweden,,https://xeno-canto.org/718815/download,Lars Edenius,https://creativecommons.org/licenses/by-nc-sa/4.0/,"Lars Edenius via xeno-canto.org (XC718815), https://creativecommons.org/licenses/by-nc-sa/4.0/",pending,v1,,718815,0:04
taxon-anas-platyrhynchos,call,Sweden,,https://xeno-canto.org/718813/download,Lars Edenius,https://creativecommons.org/licenses/by-nc-sa/4.0/,"Lars Edenius via xeno-canto.org (XC718813), https://creativecommons.org/licenses/by-nc-sa/4.0/",pending,v1,,718813,0:09
taxon-anas-platyrhynchos,call,Poland,,https://xeno-canto.org/718647/download,Marcin Urbański,https://creativecommons.org/licenses/by-nc-sa/4.0/,"Marcin Urbański via xeno-canto.org (XC718647), https://creativecommons.org/licenses/by-nc-sa/4.0/",pending,v1,,718647,0:10
taxon-anas-platyrhynchos,call,Netherlands,,https://xeno-canto.org/716602/download,Susanne Kuijpers,https://creativecommons.org/licenses/by-nc-sa/4.0/,"Susanne Kuijpers via xeno-canto.org (XC716602), https://creativecommons.org/licenses/by-nc-sa/4.0/",pending,v1,,716602,0:10
taxon-anas-platyrhynchos,call,Netherlands,,https://xeno-canto.org/710910/download,Susanne Kuijpers,https://creativecommons.org/licenses/by-nc-sa/4.0/,"Susanne Kuijpers via xeno-canto.org (XC710910), https://creativecommons.org/licenses/by-nc-sa/4.0/",pending,v1,,710910,0:10
taxon-anas-platyrhynchos,call,Netherlands,,https://xeno-canto.org/706709/download,Susanne Kuijpers,https://creativecommons.org/licenses/by-nc-sa/4.0/,"Susanne Kuijpers via xeno-canto.org (XC706709), https://creativecommons.org/licenses/by-nc-sa/4.0/",pending,v1,,706709,0:09
taxon-anas-platyrhynchos,call,France,,https://xeno-canto.org/705240/download,Dominique Guillerme,https://creativecommons.org/licenses/by-nc-sa/4.0/,"Dominique Guillerme via xeno-canto.org (XC705240), https://creativecommons.org/licenses/by-nc-sa/4.0/",pending,v1,,705240,0:35
taxon-anas-platyrhynchos,call,France,,https://xeno-canto.org/698290/download,Olivier SWIFT, Hélène CARTAUD,https://creativecommons.org/licenses/by-nc-sa/4.0/,"Olivier SWIFT, Hélène CARTAUD via xeno-canto.org (XC698290), https://creativecommons.org/licenses/by-nc-sa/4.0/",pending,v1,,698290,0:16
taxon-anas-platyrhynchos,call,France,,https://xeno-canto.org/698288/download,Olivier SWIFT, Hélène CARTAUD,https://creativecommons.org/licenses/by-nc-sa/4.0/,"Olivier SWIFT, Hélène CARTAUD via xeno-canto.org (XC698288), https://creativecommons.org/licenses/by-nc-sa/4.0/",pending,v1,,698288,0:11
taxon-anas-platyrhynchos,call,France,,https://xeno-canto.org/698287/download,Olivier SWIFT, Hélène CARTAUD,https://creativecommons.org/licenses/by-nc-sa/4.0/,"Olivier SWIFT, Hélène CARTAUD via xeno-canto.org (XC698287), https://creativecommons.org/licenses/by-nc-sa/4.0/",pending,v1,,698287,0:38
taxon-anas-platyrhynchos,call,Netherlands,,https://xeno-canto.org/696515/download,Susanne Kuijpers,https://creativecommons.org/licenses/by-nc-sa/4.0/,"Susanne Kuijpers via xeno-canto.org (XC696515), https://creativecommons.org/licenses/by-nc-sa/4.0/",pending,v1,,696515,0:09
taxon-anas-platyrhynchos,call,Canada,,https://xeno-canto.org/692779/download,Barry Edmonston,https://creativecommons.org/licenses/by-nc-sa/4.0/,"Barry Edmonston via xeno-canto.org (XC692779), https://creativecommons.org/licenses/by-nc-sa/4.0/",pending,v1,,692779,0:36
taxon-anas-platyrhynchos,call,Sweden,,https://xeno-canto.org/671516/download,Lars Edenius,https://creativecommons.org/licenses/by-nc-sa/4.0/,"Lars Edenius via xeno-canto.org (XC671516), https://creativecommons.org/licenses/by-nc-sa/4.0/",pending,v1,,671516,0:17
taxon-anas-platyrhynchos,call,Sweden,,https://xeno-canto.org/671515/download,Lars Edenius,https://creativecommons.org/licenses/by-nc-sa/4.0/,"Lars Edenius via xeno-canto.org (XC671515), https://creativecommons.org/licenses/by-nc-sa/4.0/",pending,v1,,671515,0:12
taxon-anas-platyrhynchos,call,Sweden,,https://xeno-canto.org/644269/download,Lars Edenius,https://creativecommons.org/licenses/by-nc-sa/4.0/,"Lars Edenius via xeno-canto.org (XC644269), https://creativecommons.org/licenses/by-nc-sa/4.0/",pending,v1,,644269,0:18
taxon-anas-platyrhynchos,call,Sweden,,https://xeno-canto.org/644229/download,Lars Edenius,https://creativecommons.org/licenses/by-nc-sa/4.0/,"Lars Edenius via xeno-canto.org (XC644229), https://creativecommons.org/licenses/by-nc-sa/4.0/",pending,v1,,644229,0:09
taxon-anas-platyrhynchos,call,Sweden,,https://xeno-canto.org/644228/download,Lars Edenius,https://creativecommons.org/licenses/by-nc-sa/4.0/,"Lars Edenius via xeno-canto.org (XC644228), https://creativecommons.org/licenses/by-nc-sa/4.0/",pending,v1,,644228,0:13
taxon-anas-platyrhynchos,call,Netherlands,,https://xeno-canto.org/635430/download,Susanne Kuijpers,https://creativecommons.org/licenses/by-nc-sa/4.0/,"Susanne Kuijpers via xeno-canto.org (XC635430), https://creativecommons.org/licenses/by-nc-sa/4.0/",pending,v1,,635430,0:08
taxon-anas-platyrhynchos,call,Netherlands,,https://xeno-canto.org/635133/download,Susanne Kuijpers,https://creativecommons.org/licenses/by-nc-sa/4.0/,"Susanne Kuijpers via xeno-canto.org (XC635133), https://creativecommons.org/licenses/by-nc-sa/4.0/",pending,v1,,635133,0:06
taxon-anas-platyrhynchos,call,Poland,,https://xeno-canto.org/634248/download,Jacek Betleja,https://creativecommons.org/licenses/by-nc-sa/4.0/,"Jacek Betleja via xeno-canto.org (XC634248), https://creativecommons.org/licenses/by-nc-sa/4.0/",pending,v1,,634248,0:41
taxon-anas-platyrhynchos,call,Netherlands,,https://xeno-canto.org/631882/download,Susanne Kuijpers,https://creativecommons.org/licenses/by-nc-sa/4.0/,"Susanne Kuijpers via xeno-canto.org (XC631882), https://creativecommons.org/licenses/by-nc-sa/4.0/",pending,v1,,631882,0:06
taxon-anas-platyrhynchos,call,Belgium,,https://xeno-canto.org/629654/download,Bernard Collet,https://creativecommons.org/licenses/by-nc-sa/4.0/,"Bernard Collet via xeno-canto.org (XC629654), https://creativecommons.org/licenses/by-nc-sa/4.0/",pending,v1,,629654,0:04
taxon-anas-platyrhynchos,call,France,,https://xeno-canto.org/625718/download,Olivier SWIFT,https://creativecommons.org/licenses/by-nc-sa/4.0/,"Olivier SWIFT via xeno-canto.org (XC625718), https://creativecommons.org/licenses/by-nc-sa/4.0/",pending,v1,,625718,0:22
taxon-anas-platyrhynchos,call,Poland,,https://xeno-canto.org/618588/download,Jarek Matusiak,https://creativecommons.org/licenses/by-nc-sa/4.0/,"Jarek Matusiak via xeno-canto.org (XC618588), https://creativecommons.org/licenses/by-nc-sa/4.0/",pending,v1,,618588,0:04
taxon-anas-platyrhynchos,call,Poland,,https://xeno-canto.org/618581/download,Jarek Matusiak,https://creativecommons.org/licenses/by-nc-sa/4.0/,"Jarek Matusiak via xeno-canto.org (XC618581), https://creativecommons.org/licenses/by-nc-sa/4.0/",pending,v1,,618581,0:34
taxon-anas-platyrhynchos,call,United States,,https://xeno-canto.org/607324/download,Richard E. Webster,https://creativecommons.org/licenses/by-nc-sa/4.0/,"Richard E. Webster via xeno-canto.org (XC607324), https://creativecommons.org/licenses/by-nc-sa/4.0/",pending,v1,,607324,1:17
taxon-anas-platyrhynchos,call,Canada,,https://xeno-canto.org/603723/download,Peter Ward and Ken Hall,https://creativecommons.org/licenses/by-nc-sa/4.0/,"Peter Ward and Ken Hall via xeno-canto.org (XC603723), https://creativecommons.org/licenses/by-nc-sa/4.0/",pending,v1,,603723,1:00
taxon-anas-platyrhynchos,call,France,,https://xeno-canto.org/600591/download,Sophie Neill,https://creativecommons.org/licenses/by-nc-sa/4.0/,"Sophie Neill via xeno-canto.org (XC600591), https://creativecommons.org/licenses/by-nc-sa/4.0/",pending,v1,,600591,1:24
taxon-anas-platyrhynchos,call,Poland,,https://xeno-canto.org/598281/download,Romuald Mikusek,https://creativecommons.org/licenses/by-nc-sa/4.0/,"Romuald Mikusek via xeno-canto.org (XC598281), https://creativecommons.org/licenses/by-nc-sa/4.0/",pending,v1,,598281,0:11
taxon-anas-platyrhynchos,call,Poland,,https://xeno-canto.org/598267/download,Romuald Mikusek,https://creativecommons.org/licenses/by-nc-sa/4.0/,"Romuald Mikusek via xeno-canto.org (XC598267), https://creativecommons.org/licenses/by-nc-sa/4.0/",pending,v1,,598267,0:06
taxon-anas-platyrhynchos,call,France,,https://xeno-canto.org/556906/download,Stanislas Wroza,https://creativecommons.org/licenses/by-nc-sa/4.0/,"Stanislas Wroza via xeno-canto.org (XC556906), https://creativecommons.org/licenses/by-nc-sa/4.0/",pending,v1,,556906,0:46
taxon-anas-platyrhynchos,call,Poland,,https://xeno-canto.org/541824/download,Jarek Matusiak,https://creativecommons.org/licenses/by-nc-sa/4.0/,"Jarek Matusiak via xeno-canto.org (XC541824), https://creativecommons.org/licenses/by-nc-sa/4.0/",pending,v1,,541824,0:12
taxon-anas-platyrhynchos,call,Poland,,https://xeno-canto.org/541823/download,Jarek Matusiak,https://creativecommons.org/licenses/by-nc-sa/4.0/,"Jarek Matusiak via xeno-canto.org (XC541823), https://creativecommons.org/licenses/by-nc-sa/4.0/",pending,v1,,541823,0:13
taxon-anas-platyrhynchos,call,Poland,,https://xeno-canto.org/541822/download,Jarek Matusiak,https://creativecommons.org/licenses/by-nc-sa/4.0/,"Jarek Matusiak via xeno-canto.org (XC541822), https://creativecommons.org/licenses/by-nc-sa/4.0/",pending,v1,,541822,0:10
taxon-anas-platyrhynchos,call,Poland,,https://xeno-canto.org/541821/download,Jarek Matusiak,https://creativecommons.org/licenses/by-nc-sa/4.0/,"Jarek Matusiak via xeno-canto.org (XC541821), https://creativecommons.org/licenses/by-nc-sa/4.0/",pending,v1,,541821,0:20
taxon-anas-platyrhynchos,call,Poland,,https://xeno-canto.org/541812/download,Jarek Matusiak,https://creativecommons.org/licenses/by-nc-sa/4.0/,"Jarek Matusiak via xeno-canto.org (XC541812), https://creativecommons.org/licenses/by-nc-sa/4.0/",pending,v1,,541812,0:13
taxon-anas-platyrhynchos,call,United States,,https://xeno-canto.org/534192/download,Paul Marvin,https://creativecommons.org/licenses/by-nc-sa/4.0/,"Paul Marvin via xeno-canto.org (XC534192), https://creativecommons.org/licenses/by-nc-sa/4.0/",pending,v1,,534192,0:43
taxon-anas-platyrhynchos,call,France,,https://xeno-canto.org/528945/download,Tanguy Loïs,https://creativecommons.org/licenses/by-nc-sa/4.0/,"Tanguy Loïs via xeno-canto.org (XC528945), https://creativecommons.org/licenses/by-nc-sa/4.0/",pending,v1,,528945,0:03
taxon-anas-platyrhynchos,call,Norway,,https://xeno-canto.org/523626/download,Stein Ø. Nilsen,https://creativecommons.org/licenses/by-nc-sa/4.0/,"Stein Ø. Nilsen via xeno-canto.org (XC523626), https://creativecommons.org/licenses/by-nc-sa/4.0/",pending,v1,,523626,0:06
taxon-anas-platyrhynchos,call,Poland,,https://xeno-canto.org/512909/download,Jarek Matusiak,https://creativecommons.org/licenses/by-nc-sa/4.0/,"Jarek Matusiak via xeno-canto.org (XC512909), https://creativecommons.org/licenses/by-nc-sa/4.0/",pending,v1,,512909,0:12
taxon-anas-platyrhynchos,call,Sweden,,https://xeno-canto.org/497824/download,Lars Edenius,https://creativecommons.org/licenses/by-nc-sa/4.0/,"Lars Edenius via xeno-canto.org (XC497824), https://creativecommons.org/licenses/by-nc-sa/4.0/",pending,v1,,497824,0:14
taxon-anas-platyrhynchos,call,France,,https://xeno-canto.org/497809/download,Olivier SWIFT,https://creativecommons.org/licenses/by-nc-sa/4.0/,"Olivier SWIFT via xeno-canto.org (XC497809), https://creativecommons.org/licenses/by-nc-sa/4.0/",pending,v1,,497809,0:29
taxon-anas-platyrhynchos,call,Russian Federation,,https://xeno-canto.org/495820/download,Albert Lastukhin,https://creativecommons.org/licenses/by-nc-sa/4.0/,"Albert Lastukhin via xeno-canto.org (XC495820), https://creativecommons.org/licenses/by-nc-sa/4.0/",pending,v1,,495820,6:39
taxon-anas-platyrhynchos,call,Poland,,https://xeno-canto.org/462593/download,Stanislas Wroza,https://creativecommons.org/licenses/by-nc-sa/4.0/,"Stanislas Wroza via xeno-canto.org (XC462593), https://creativecommons.org/licenses/by-nc-sa/4.0/",pending,v1,,462593,0:11
taxon-anas-platyrhynchos,call,France,,https://xeno-canto.org/461763/download,Gerard OLIVIER,https://creativecommons.org/licenses/by-nc-sa/4.0/,"Gerard OLIVIER via xeno-canto.org (XC461763), https://creativecommons.org/licenses/by-nc-sa/4.0/",pending,v1,,461763,1:34
taxon-anas-platyrhynchos,call,Spain,,https://xeno-canto.org/434684/download,Jordi Calvet,https://creativecommons.org/licenses/by-nc-sa/4.0/,"Jordi Calvet via xeno-canto.org (XC434684), https://creativecommons.org/licenses/by-nc-sa/4.0/",pending,v1,,434684,0:28
taxon-anas-platyrhynchos,call,Germany,,https://xeno-canto.org/433108/download,Aladdin,https://creativecommons.org/licenses/by-nc-sa/4.0/,"Aladdin via xeno-canto.org (XC433108), https://creativecommons.org/licenses/by-nc-sa/4.0/",pending,v1,,433108,0:23
taxon-anas-platyrhynchos,call,Italy,,https://xeno-canto.org/391162/download,Francesco Sottile,https://creativecommons.org/licenses/by-nc-sa/4.0/,"Francesco Sottile via xeno-canto.org (XC391162), https://creativecommons.org/licenses/by-nc-sa/4.0/",pending,v1,,391162,0:26
taxon-ardea-alba,call,United Arab Emirates,,https://xeno-canto.org/1094410/download,David Darrell-Lambert,https://creativecommons.org/licenses/by-nc-sa/4.0/,"David Darrell-Lambert via xeno-canto.org (XC1094410), https://creativecommons.org/licenses/by-nc-sa/4.0/",pending,v1,,1094410,0:07
taxon-ardea-alba,call,Spain,,https://xeno-canto.org/1073122/download,Pere Josa,https://creativecommons.org/licenses/by-nc-sa/4.0/,"Pere Josa via xeno-canto.org (XC1073122), https://creativecommons.org/licenses/by-nc-sa/4.0/",pending,v1,,1073122,0:03
taxon-ardea-alba,call,Taiwan,,https://xeno-canto.org/1071100/download,Chi-Hsuan Shao,https://creativecommons.org/licenses/by-nc-sa/4.0/,"Chi-Hsuan Shao via xeno-canto.org (XC1071100), https://creativecommons.org/licenses/by-nc-sa/4.0/",pending,v1,,1071100,0:10
taxon-ardea-alba,call,Sweden,,https://xeno-canto.org/1045560/download,Erik Hansson,https://creativecommons.org/licenses/by-nc-sa/4.0/,"Erik Hansson via xeno-canto.org (XC1045560), https://creativecommons.org/licenses/by-nc-sa/4.0/",pending,v1,,1045560,0:15
taxon-ardea-alba,call,United States,,https://xeno-canto.org/1043529/download,Sue Riffe,https://creativecommons.org/licenses/by-nc-sa/4.0/,"Sue Riffe via xeno-canto.org (XC1043529), https://creativecommons.org/licenses/by-nc-sa/4.0/",pending,v1,,1043529,0:13
taxon-ardea-alba,call,Sweden,,https://xeno-canto.org/1039212/download,Kasper Wieck,https://creativecommons.org/licenses/by-nc-sa/4.0/,"Kasper Wieck via xeno-canto.org (XC1039212), https://creativecommons.org/licenses/by-nc-sa/4.0/",pending,v1,,1039212,0:11
taxon-ardea-alba,call,Estonia,,https://xeno-canto.org/1034339/download,Uku Paal,https://creativecommons.org/licenses/by-nc-sa/4.0/,"Uku Paal via xeno-canto.org (XC1034339), https://creativecommons.org/licenses/by-nc-sa/4.0/",pending,v1,,1034339,0:11
taxon-ardea-alba,call,France,,https://xeno-canto.org/1030085/download,Lionel FREDERIC,https://creativecommons.org/licenses/by-nc-sa/4.0/,"Lionel FREDERIC via xeno-canto.org (XC1030085), https://creativecommons.org/licenses/by-nc-sa/4.0/",pending,v1,,1030085,6:58
taxon-ardea-alba,call,United States,,https://xeno-canto.org/1015381/download,Valerie Heemstra,https://creativecommons.org/licenses/by-nc-sa/4.0/,"Valerie Heemstra via xeno-canto.org (XC1015381), https://creativecommons.org/licenses/by-nc-sa/4.0/",pending,v1,,1015381,0:58
taxon-ardea-alba,call,United Kingdom,,https://xeno-canto.org/1012291/download,Mark Newsome,https://creativecommons.org/licenses/by-nc-sa/4.0/,"Mark Newsome via xeno-canto.org (XC1012291), https://creativecommons.org/licenses/by-nc-sa/4.0/",pending,v1,,1012291,0:07
taxon-ardea-alba,call,China,,https://xeno-canto.org/1005363/download,Lucas-Chen,https://creativecommons.org/licenses/by-nc-sa/4.0/,"Lucas-Chen via xeno-canto.org (XC1005363), https://creativecommons.org/licenses/by-nc-sa/4.0/",pending,v1,,1005363,0:09
taxon-ardea-alba,call,Spain,,https://xeno-canto.org/996235/download,Sergi Carreras,https://creativecommons.org/licenses/by-nc-sa/4.0/,"Sergi Carreras via xeno-canto.org (XC996235), https://creativecommons.org/licenses/by-nc-sa/4.0/",pending,v1,,996235,0:05
taxon-ardea-alba,call,Oman,,https://xeno-canto.org/982464/download,Sven Normant,https://creativecommons.org/licenses/by-nc-sa/4.0/,"Sven Normant via xeno-canto.org (XC982464), https://creativecommons.org/licenses/by-nc-sa/4.0/",pending,v1,,982464,0:09
taxon-ardea-alba,call,Chad,,https://xeno-canto.org/973571/download,Julien Birard,https://creativecommons.org/licenses/by-nc-sa/4.0/,"Julien Birard via xeno-canto.org (XC973571), https://creativecommons.org/licenses/by-nc-sa/4.0/",pending,v1,,973571,0:05
taxon-ardea-alba,call,Madagascar,,https://xeno-canto.org/921101/download,Vadim Ivushkin ,https://creativecommons.org/licenses/by-nc-sa/4.0/,"Vadim Ivushkin  via xeno-canto.org (XC921101), https://creativecommons.org/licenses/by-nc-sa/4.0/",pending,v1,,921101,0:06
taxon-ardea-alba,call,France,,https://xeno-canto.org/897905/download,Stanislas Wroza,https://creativecommons.org/licenses/by-nc-sa/4.0/,"Stanislas Wroza via xeno-canto.org (XC897905), https://creativecommons.org/licenses/by-nc-sa/4.0/",pending,v1,,897905,0:09
taxon-ardea-alba,call,Brazil,,https://xeno-canto.org/856599/download,Ricardo José Mitidieri,https://creativecommons.org/licenses/by-nc-sa/4.0/,"Ricardo José Mitidieri via xeno-canto.org (XC856599), https://creativecommons.org/licenses/by-nc-sa/4.0/",pending,v1,,856599,0:12
taxon-ardea-alba,call,China,,https://xeno-canto.org/794542/download,Geoff Carey,https://creativecommons.org/licenses/by-nc-sa/4.0/,"Geoff Carey via xeno-canto.org (XC794542), https://creativecommons.org/licenses/by-nc-sa/4.0/",pending,v1,,794542,0:23
taxon-ardea-alba,call,France,,https://xeno-canto.org/779171/download,Stanislas Wroza,https://creativecommons.org/licenses/by-nc-sa/4.0/,"Stanislas Wroza via xeno-canto.org (XC779171), https://creativecommons.org/licenses/by-nc-sa/4.0/",pending,v1,,779171,0:05
taxon-ardea-alba,call,Mongolia,,https://xeno-canto.org/765537/download,Stanislas Wroza,https://creativecommons.org/licenses/by-nc-sa/4.0/,"Stanislas Wroza via xeno-canto.org (XC765537), https://creativecommons.org/licenses/by-nc-sa/4.0/",pending,v1,,765537,0:05
taxon-ardea-alba,call,Mongolia,,https://xeno-canto.org/765536/download,Stanislas Wroza,https://creativecommons.org/licenses/by-nc-sa/4.0/,"Stanislas Wroza via xeno-canto.org (XC765536), https://creativecommons.org/licenses/by-nc-sa/4.0/",pending,v1,,765536,0:02
taxon-ardea-alba,call,Mongolia,,https://xeno-canto.org/765285/download,Stanislas Wroza,https://creativecommons.org/licenses/by-nc-sa/4.0/,"Stanislas Wroza via xeno-canto.org (XC765285), https://creativecommons.org/licenses/by-nc-sa/4.0/",pending,v1,,765285,0:08
taxon-ardea-alba,call,United Arab Emirates,,https://xeno-canto.org/758130/download,David Darrell-Lambert,https://creativecommons.org/licenses/by-nc-sa/4.0/,"David Darrell-Lambert via xeno-canto.org (XC758130), https://creativecommons.org/licenses/by-nc-sa/4.0/",pending,v1,,758130,0:09
taxon-ardea-alba,call,China,,https://xeno-canto.org/751146/download,Ray Tsu 诸仁,https://creativecommons.org/licenses/by-nc-sa/4.0/,"Ray Tsu 诸仁 via xeno-canto.org (XC751146), https://creativecommons.org/licenses/by-nc-sa/4.0/",pending,v1,,751146,0:10
taxon-ardea-alba,call,United States,,https://xeno-canto.org/747042/download,Timothy T Baucom,https://creativecommons.org/licenses/by-nc-sa/4.0/,"Timothy T Baucom via xeno-canto.org (XC747042), https://creativecommons.org/licenses/by-nc-sa/4.0/",pending,v1,,747042,0:17
taxon-ardea-alba,call,Poland,,https://xeno-canto.org/738072/download,Marcin Sołowiej,https://creativecommons.org/licenses/by-nc-sa/4.0/,"Marcin Sołowiej via xeno-canto.org (XC738072), https://creativecommons.org/licenses/by-nc-sa/4.0/",pending,v1,,738072,0:12
taxon-ardea-alba,call,France,,https://xeno-canto.org/720907/download,Tristan Guillebot de Nerville,https://creativecommons.org/licenses/by-nc-sa/4.0/,"Tristan Guillebot de Nerville via xeno-canto.org (XC720907), https://creativecommons.org/licenses/by-nc-sa/4.0/",pending,v1,,720907,0:12
taxon-ardea-alba,call,Chile,,https://xeno-canto.org/711449/download,Cristian Pinto Fernandez,https://creativecommons.org/licenses/by-nc-sa/4.0/,"Cristian Pinto Fernandez via xeno-canto.org (XC711449), https://creativecommons.org/licenses/by-nc-sa/4.0/",pending,v1,,711449,0:10
taxon-ardea-alba,call,France,,https://xeno-canto.org/705918/download,Sonothèque ADVL,https://creativecommons.org/publicdomain/zero/1.0/,"Sonothèque ADVL via xeno-canto.org (XC705918), https://creativecommons.org/publicdomain/zero/1.0/",pending,v1,,705918,0:08
taxon-ardea-alba,call,Spain,,https://xeno-canto.org/695589/download,amonmod,https://creativecommons.org/licenses/by-nc/4.0/,"amonmod via xeno-canto.org (XC695589), https://creativecommons.org/licenses/by-nc/4.0/",pending,v1,,695589,0:20
taxon-ardea-alba,call,Estonia,,https://xeno-canto.org/681080/download,Uku Paal,https://creativecommons.org/licenses/by-nc-sa/4.0/,"Uku Paal via xeno-canto.org (XC681080), https://creativecommons.org/licenses/by-nc-sa/4.0/",pending,v1,,681080,0:28
taxon-ardea-alba,call,Germany,,https://xeno-canto.org/679024/download,Beatrix Saadi-Varchmin,https://creativecommons.org/licenses/by-nc-sa/4.0/,"Beatrix Saadi-Varchmin via xeno-canto.org (XC679024), https://creativecommons.org/licenses/by-nc-sa/4.0/",pending,v1,,679024,0:09
taxon-ardea-alba,call,Croatia,,https://xeno-canto.org/673449/download,Domagoj Tomičić,https://creativecommons.org/licenses/by-nc-sa/4.0/,"Domagoj Tomičić via xeno-canto.org (XC673449), https://creativecommons.org/licenses/by-nc-sa/4.0/",pending,v1,,673449,0:09
taxon-ardea-alba,call,Mexico,,https://xeno-canto.org/663143/download,Manuel Grosselet,https://creativecommons.org/licenses/by-nc-sa/4.0/,"Manuel Grosselet via xeno-canto.org (XC663143), https://creativecommons.org/licenses/by-nc-sa/4.0/",pending,v1,,663143,0:10
taxon-ardea-alba,call,Mexico,,https://xeno-canto.org/661723/download,Richard E. Webster,https://creativecommons.org/licenses/by-nc-sa/4.0/,"Richard E. Webster via xeno-canto.org (XC661723), https://creativecommons.org/licenses/by-nc-sa/4.0/",pending,v1,,661723,0:09
taxon-ardea-alba,call,Netherlands,,https://xeno-canto.org/650221/download,Maarten Sluijter,https://creativecommons.org/licenses/by-nc-sa/4.0/,"Maarten Sluijter via xeno-canto.org (XC650221), https://creativecommons.org/licenses/by-nc-sa/4.0/",pending,v1,,650221,0:52
taxon-ardea-alba,call,Germany,,https://xeno-canto.org/630526/download,Marcel Tenhaeff,https://creativecommons.org/licenses/by-nc-sa/4.0/,"Marcel Tenhaeff via xeno-canto.org (XC630526), https://creativecommons.org/licenses/by-nc-sa/4.0/",pending,v1,,630526,0:07
taxon-ardea-alba,call,France,,https://xeno-canto.org/615285/download,Stanislas Wroza,https://creativecommons.org/licenses/by-nc-sa/4.0/,"Stanislas Wroza via xeno-canto.org (XC615285), https://creativecommons.org/licenses/by-nc-sa/4.0/",pending,v1,,615285,0:07
taxon-ardea-alba,call,France,,https://xeno-canto.org/615283/download,Stanislas Wroza,https://creativecommons.org/licenses/by-nc-sa/4.0/,"Stanislas Wroza via xeno-canto.org (XC615283), https://creativecommons.org/licenses/by-nc-sa/4.0/",pending,v1,,615283,0:08
taxon-ardea-alba,call,Netherlands,,https://xeno-canto.org/613310/download,Albert Noorlander,https://creativecommons.org/licenses/by-nc-sa/4.0/,"Albert Noorlander via xeno-canto.org (XC613310), https://creativecommons.org/licenses/by-nc-sa/4.0/",pending,v1,,613310,0:05
taxon-ardea-alba,call,Taiwan,,https://xeno-canto.org/605063/download,Sunny Tseng,https://creativecommons.org/licenses/by-nc-sa/4.0/,"Sunny Tseng via xeno-canto.org (XC605063), https://creativecommons.org/licenses/by-nc-sa/4.0/",pending,v1,,605063,0:13
taxon-ardea-alba,call,Taiwan,,https://xeno-canto.org/605062/download,Sunny Tseng,https://creativecommons.org/licenses/by-nc-sa/4.0/,"Sunny Tseng via xeno-canto.org (XC605062), https://creativecommons.org/licenses/by-nc-sa/4.0/",pending,v1,,605062,0:07
taxon-ardea-alba,call,Taiwan,,https://xeno-canto.org/605061/download,Sunny Tseng,https://creativecommons.org/licenses/by-nc-sa/4.0/,"Sunny Tseng via xeno-canto.org (XC605061), https://creativecommons.org/licenses/by-nc-sa/4.0/",pending,v1,,605061,0:05
taxon-ardea-alba,call,Taiwan,,https://xeno-canto.org/605060/download,Sunny Tseng,https://creativecommons.org/licenses/by-nc-sa/4.0/,"Sunny Tseng via xeno-canto.org (XC605060), https://creativecommons.org/licenses/by-nc-sa/4.0/",pending,v1,,605060,0:05
taxon-ardea-alba,call,Taiwan,,https://xeno-canto.org/605059/download,Sunny Tseng,https://creativecommons.org/licenses/by-nc-sa/4.0/,"Sunny Tseng via xeno-canto.org (XC605059), https://creativecommons.org/licenses/by-nc-sa/4.0/",pending,v1,,605059,0:03
taxon-ardea-alba,call,Taiwan,,https://xeno-canto.org/605058/download,Sunny Tseng,https://creativecommons.org/licenses/by-nc-sa/4.0/,"Sunny Tseng via xeno-canto.org (XC605058), https://creativecommons.org/licenses/by-nc-sa/4.0/",pending,v1,,605058,0:16
taxon-ardea-alba,call,Brazil,,https://xeno-canto.org/598700/download,Ricardo José Mitidieri,https://creativecommons.org/licenses/by-nc-sa/4.0/,"Ricardo José Mitidieri via xeno-canto.org (XC598700), https://creativecommons.org/licenses/by-nc-sa/4.0/",pending,v1,,598700,0:08
taxon-ardea-alba,call,Poland,,https://xeno-canto.org/591078/download,Jarek Matusiak,https://creativecommons.org/licenses/by-nc-sa/4.0/,"Jarek Matusiak via xeno-canto.org (XC591078), https://creativecommons.org/licenses/by-nc-sa/4.0/",pending,v1,,591078,0:05
taxon-ardea-alba,call,France,,https://xeno-canto.org/586205/download,Tanguy Loïs,https://creativecommons.org/licenses/by-nc-sa/4.0/,"Tanguy Loïs via xeno-canto.org (XC586205), https://creativecommons.org/licenses/by-nc-sa/4.0/",pending,v1,,586205,0:01
taxon-ardea-alba,call,Estonia,,https://xeno-canto.org/575428/download,Stanislas Wroza,https://creativecommons.org/licenses/by-nc-sa/4.0/,"Stanislas Wroza via xeno-canto.org (XC575428), https://creativecommons.org/licenses/by-nc-sa/4.0/",pending,v1,,575428,0:07
taxon-ardea-alba,call,Mexico,,https://xeno-canto.org/570049/download,Isain Contreras Rodríguez,https://creativecommons.org/licenses/by-nc-sa/4.0/,"Isain Contreras Rodríguez via xeno-canto.org (XC570049), https://creativecommons.org/licenses/by-nc-sa/4.0/",pending,v1,,570049,0:06
taxon-ardea-alba,call,United States,,https://xeno-canto.org/558126/download,Thomas G. Graves,https://creativecommons.org/licenses/by-nc-sa/4.0/,"Thomas G. Graves via xeno-canto.org (XC558126), https://creativecommons.org/licenses/by-nc-sa/4.0/",pending,v1,,558126,20:55
taxon-ardea-alba,call,Poland,,https://xeno-canto.org/554102/download,Jarek Matusiak,https://creativecommons.org/licenses/by-nc-sa/4.0/,"Jarek Matusiak via xeno-canto.org (XC554102), https://creativecommons.org/licenses/by-nc-sa/4.0/",pending,v1,,554102,0:11
taxon-ardea-alba,call,Poland,,https://xeno-canto.org/518984/download,Marcin Sołowiej,https://creativecommons.org/licenses/by-nc-sa/4.0/,"Marcin Sołowiej via xeno-canto.org (XC518984), https://creativecommons.org/licenses/by-nc-sa/4.0/",pending,v1,,518984,0:06
taxon-ardea-alba,call,France,,https://xeno-canto.org/518944/download,Vincent Pourchaire,https://creativecommons.org/licenses/by-nc-sa/4.0/,"Vincent Pourchaire via xeno-canto.org (XC518944), https://creativecommons.org/licenses/by-nc-sa/4.0/",pending,v1,,518944,0:11
taxon-ardea-alba,call,France,,https://xeno-canto.org/518943/download,Vincent Pourchaire,https://creativecommons.org/licenses/by-nc-sa/4.0/,"Vincent Pourchaire via xeno-canto.org (XC518943), https://creativecommons.org/licenses/by-nc-sa/4.0/",pending,v1,,518943,0:10
taxon-ardea-alba,call,Iran,,https://xeno-canto.org/515993/download,Cedric Mroczko,https://creativecommons.org/licenses/by-nc-sa/4.0/,"Cedric Mroczko via xeno-canto.org (XC515993), https://creativecommons.org/licenses/by-nc-sa/4.0/",pending,v1,,515993,0:46
taxon-ardea-alba,call,United States,,https://xeno-canto.org/468531/download,Bruce Lagerquist,https://creativecommons.org/licenses/by-nc-sa/4.0/,"Bruce Lagerquist via xeno-canto.org (XC468531), https://creativecommons.org/licenses/by-nc-sa/4.0/",pending,v1,,468531,0:03
taxon-ardea-alba,call,Brazil,,https://xeno-canto.org/456479/download,GABRIEL LEITE,https://creativecommons.org/licenses/by-nc-sa/4.0/,"GABRIEL LEITE via xeno-canto.org (XC456479), https://creativecommons.org/licenses/by-nc-sa/4.0/",pending,v1,,456479,0:20
taxon-ardea-alba,call,Sri Lanka,,https://xeno-canto.org/453357/download,Oscar Campbell,https://creativecommons.org/licenses/by-nc-sa/4.0/,"Oscar Campbell via xeno-canto.org (XC453357), https://creativecommons.org/licenses/by-nc-sa/4.0/",pending,v1,,453357,0:45
taxon-ardea-alba,call,France,,https://xeno-canto.org/447826/download,Vincent Pourchaire,https://creativecommons.org/licenses/by-nc-sa/4.0/,"Vincent Pourchaire via xeno-canto.org (XC447826), https://creativecommons.org/licenses/by-nc-sa/4.0/",pending,v1,,447826,0:03
taxon-ardea-alba,call,Brazil,,https://xeno-canto.org/431288/download,Jerome Fischer,https://creativecommons.org/licenses/by-nc-sa/4.0/,"Jerome Fischer via xeno-canto.org (XC431288), https://creativecommons.org/licenses/by-nc-sa/4.0/",pending,v1,,431288,0:17
taxon-ardea-alba,call,Netherlands,,https://xeno-canto.org/428239/download,Rob van Bemmelen,https://creativecommons.org/licenses/by-nc-sa/4.0/,"Rob van Bemmelen via xeno-canto.org (XC428239), https://creativecommons.org/licenses/by-nc-sa/4.0/",pending,v1,,428239,0:04
taxon-ardea-alba,call,Ecuador,,https://xeno-canto.org/425957/download,Leonardo Ordóñez-Delgado,https://creativecommons.org/licenses/by-nc-sa/4.0/,"Leonardo Ordóñez-Delgado via xeno-canto.org (XC425957), https://creativecommons.org/licenses/by-nc-sa/4.0/",pending,v1,,425957,0:10
taxon-ardea-alba,call,Iran,,https://xeno-canto.org/406077/download,Patrik Åberg,https://creativecommons.org/licenses/by-nc-sa/4.0/,"Patrik Åberg via xeno-canto.org (XC406077), https://creativecommons.org/licenses/by-nc-sa/4.0/",pending,v1,,406077,0:25
taxon-ardea-alba,call,Kenya,,https://xeno-canto.org/398626/download,Rory Nefdt,https://creativecommons.org/licenses/by-nc-sa/4.0/,"Rory Nefdt via xeno-canto.org (XC398626), https://creativecommons.org/licenses/by-nc-sa/4.0/",pending,v1,,398626,0:05
taxon-ardea-alba,call,Germany,,https://xeno-canto.org/390822/download,Matthias Hemprich,https://creativecommons.org/licenses/by-nc-sa/4.0/,"Matthias Hemprich via xeno-canto.org (XC390822), https://creativecommons.org/licenses/by-nc-sa/4.0/",pending,v1,,390822,0:06
taxon-ardea-alba,call,Australia,,https://xeno-canto.org/365950/download,Greg McLachlan,https://creativecommons.org/licenses/by-nc-sa/4.0/,"Greg McLachlan via xeno-canto.org (XC365950), https://creativecommons.org/licenses/by-nc-sa/4.0/",pending,v1,,365950,0:14
taxon-ardea-alba,call,Argentina,,https://xeno-canto.org/361135/download,Niels Krabbe,https://creativecommons.org/licenses/by-nc-sa/4.0/,"Niels Krabbe via xeno-canto.org (XC361135), https://creativecommons.org/licenses/by-nc-sa/4.0/",pending,v1,,361135,0:24
taxon-ardea-alba,call,Spain,,https://xeno-canto.org/351385/download,José Carlos Sires,https://creativecommons.org/licenses/by-nc-sa/4.0/,"José Carlos Sires via xeno-canto.org (XC351385), https://creativecommons.org/licenses/by-nc-sa/4.0/",pending,v1,,351385,0:05
taxon-ardea-alba,call,Senegal,,https://xeno-canto.org/336032/download,Bram Piot,https://creativecommons.org/licenses/by-nc-sa/4.0/,"Bram Piot via xeno-canto.org (XC336032), https://creativecommons.org/licenses/by-nc-sa/4.0/",pending,v1,,336032,0:04
taxon-ardea-alba,call,Brazil,,https://xeno-canto.org/323526/download,Douglas Meyer,https://creativecommons.org/licenses/by-nc-sa/4.0/,"Douglas Meyer via xeno-canto.org (XC323526), https://creativecommons.org/licenses/by-nc-sa/4.0/",pending,v1,,323526,0:12
taxon-ardea-alba,call,South Africa,,https://xeno-canto.org/321346/download,Lynette Rudman,https://creativecommons.org/licenses/by-nc-sa/4.0/,"Lynette Rudman via xeno-canto.org (XC321346), https://creativecommons.org/licenses/by-nc-sa/4.0/",pending,v1,,321346,0:09
taxon-ardea-alba,call,South Africa,,https://xeno-canto.org/307188/download,Faansie Peacock,https://creativecommons.org/licenses/by-nc-sa/4.0/,"Faansie Peacock via xeno-canto.org (XC307188), https://creativecommons.org/licenses/by-nc-sa/4.0/",pending,v1,,307188,0:06
taxon-ardea-alba,call,South Africa,,https://xeno-canto.org/307187/download,Faansie Peacock,https://creativecommons.org/licenses/by-nc-sa/4.0/,"Faansie Peacock via xeno-canto.org (XC307187), https://creativecommons.org/licenses/by-nc-sa/4.0/",pending,v1,,307187,0:06
taxon-ardea-alba,call,South Africa,,https://xeno-canto.org/307186/download,Faansie Peacock,https://creativecommons.org/licenses/by-nc-sa/4.0/,"Faansie Peacock via xeno-canto.org (XC307186), https://creativecommons.org/licenses/by-nc-sa/4.0/",pending,v1,,307186,0:05
taxon-ardea-alba,call,Netherlands,,https://xeno-canto.org/298741/download,Thijs Fijen,https://creativecommons.org/licenses/by-nc-sa/4.0/,"Thijs Fijen via xeno-canto.org (XC298741), https://creativecommons.org/licenses/by-nc-sa/4.0/",pending,v1,,298741,0:14
taxon-ardea-alba,call,Mexico,,https://xeno-canto.org/290050/download,Manuel Grosselet,https://creativecommons.org/licenses/by-nc-sa/4.0/,"Manuel Grosselet via xeno-canto.org (XC290050), https://creativecommons.org/licenses/by-nc-sa/4.0/",pending,v1,,290050,0:09
taxon-ardea-alba,call,Belgium,,https://xeno-canto.org/285221/download,Jérémy Simar,https://creativecommons.org/licenses/by-nc-sa/4.0/,"Jérémy Simar via xeno-canto.org (XC285221), https://creativecommons.org/licenses/by-nc-sa/4.0/",pending,v1,,285221,0:08
taxon-ardea-alba,call,Belgium,,https://xeno-canto.org/285219/download,Jérémy Simar,https://creativecommons.org/licenses/by-nc-sa/4.0/,"Jérémy Simar via xeno-canto.org (XC285219), https://creativecommons.org/licenses/by-nc-sa/4.0/",pending,v1,,285219,0:11
taxon-ardea-alba,call,Ecuador,,https://xeno-canto.org/257309/download,John V. Moore,https://creativecommons.org/licenses/by-nc-sa/4.0/,"John V. Moore via xeno-canto.org (XC257309), https://creativecommons.org/licenses/by-nc-sa/4.0/",pending,v1,,257309,0:08
taxon-ardea-alba,call,Ecuador,,https://xeno-canto.org/257308/download,John V. Moore,https://creativecommons.org/licenses/by-nc-sa/4.0/,"John V. Moore via xeno-canto.org (XC257308), https://creativecommons.org/licenses/by-nc-sa/4.0/",pending,v1,,257308,0:14
taxon-ardea-alba,call,Ecuador,,https://xeno-canto.org/257307/download,John V. Moore,https://creativecommons.org/licenses/by-nc-sa/4.0/,"John V. Moore via xeno-canto.org (XC257307), https://creativecommons.org/licenses/by-nc-sa/4.0/",pending,v1,,257307,0:21
taxon-ardea-alba,call,Venezuela,,https://xeno-canto.org/247286/download,Joe Klaiber,https://creativecommons.org/licenses/by-nc-sa/4.0/,"Joe Klaiber via xeno-canto.org (XC247286), https://creativecommons.org/licenses/by-nc-sa/4.0/",pending,v1,,247286,0:09
taxon-sinosuthora-webbiana,call,China,,https://xeno-canto.org/1107211/download,Ray Tsu 诸仁,https://creativecommons.org/licenses/by-nc-sa/4.0/,"Ray Tsu 诸仁 via xeno-canto.org (XC1107211), https://creativecommons.org/licenses/by-nc-sa/4.0/",pending,v1,,1107211,9:06
taxon-sinosuthora-webbiana,call,China,,https://xeno-canto.org/1070113/download,JJSUN,https://creativecommons.org/licenses/by-nc-sa/4.0/,"JJSUN via xeno-canto.org (XC1070113), https://creativecommons.org/licenses/by-nc-sa/4.0/",pending,v1,,1070113,0:27
taxon-sinosuthora-webbiana,call,China,,https://xeno-canto.org/1052254/download,wu555,https://creativecommons.org/licenses/by-nc-sa/4.0/,"wu555 via xeno-canto.org (XC1052254), https://creativecommons.org/licenses/by-nc-sa/4.0/",pending,v1,,1052254,0:17
taxon-sinosuthora-webbiana,call,Taiwan,,https://xeno-canto.org/1040416/download,Lars Lachmann,https://creativecommons.org/licenses/by-nc-sa/4.0/,"Lars Lachmann via xeno-canto.org (XC1040416), https://creativecommons.org/licenses/by-nc-sa/4.0/",pending,v1,,1040416,0:36
taxon-sinosuthora-webbiana,call,China,,https://xeno-canto.org/1000795/download,Bo Shunqi 薄顺奇,https://creativecommons.org/licenses/by-nc-sa/4.0/,"Bo Shunqi 薄顺奇 via xeno-canto.org (XC1000795), https://creativecommons.org/licenses/by-nc-sa/4.0/",pending,v1,,1000795,4:38
taxon-sinosuthora-webbiana,call,China,,https://xeno-canto.org/999592/download,Penghui Lou,https://creativecommons.org/licenses/by-nc-sa/4.0/,"Penghui Lou via xeno-canto.org (XC999592), https://creativecommons.org/licenses/by-nc-sa/4.0/",pending,v1,,999592,0:26
taxon-sinosuthora-webbiana,call,China,,https://xeno-canto.org/995411/download,Bo Shunqi 薄顺奇,https://creativecommons.org/licenses/by-nc-sa/4.0/,"Bo Shunqi 薄顺奇 via xeno-canto.org (XC995411), https://creativecommons.org/licenses/by-nc-sa/4.0/",pending,v1,,995411,3:46
taxon-sinosuthora-webbiana,call,China,,https://xeno-canto.org/992718/download,Feather V,https://creativecommons.org/licenses/by-nc-sa/4.0/,"Feather V via xeno-canto.org (XC992718), https://creativecommons.org/licenses/by-nc-sa/4.0/",pending,v1,,992718,0:13
taxon-sinosuthora-webbiana,call,China,,https://xeno-canto.org/992708/download,Feather V,https://creativecommons.org/licenses/by-nc-sa/4.0/,"Feather V via xeno-canto.org (XC992708), https://creativecommons.org/licenses/by-nc-sa/4.0/",pending,v1,,992708,0:11
taxon-sinosuthora-webbiana,call,China,,https://xeno-canto.org/992626/download,Bo Shunqi 薄顺奇,https://creativecommons.org/licenses/by-nc-sa/4.0/,"Bo Shunqi 薄顺奇 via xeno-canto.org (XC992626), https://creativecommons.org/licenses/by-nc-sa/4.0/",pending,v1,,992626,0:39
taxon-sinosuthora-webbiana,call,China,,https://xeno-canto.org/984816/download,Ray Tsu 诸仁,https://creativecommons.org/licenses/by-nc-sa/4.0/,"Ray Tsu 诸仁 via xeno-canto.org (XC984816), https://creativecommons.org/licenses/by-nc-sa/4.0/",pending,v1,,984816,0:22
taxon-sinosuthora-webbiana,call,China,,https://xeno-canto.org/980802/download,Ray Tsu 诸仁,https://creativecommons.org/licenses/by-nc-sa/4.0/,"Ray Tsu 诸仁 via xeno-canto.org (XC980802), https://creativecommons.org/licenses/by-nc-sa/4.0/",pending,v1,,980802,1:06
taxon-sinosuthora-webbiana,call,China,,https://xeno-canto.org/975013/download,Ray Tsu 诸仁,https://creativecommons.org/licenses/by-nc-sa/4.0/,"Ray Tsu 诸仁 via xeno-canto.org (XC975013), https://creativecommons.org/licenses/by-nc-sa/4.0/",pending,v1,,975013,0:12
taxon-sinosuthora-webbiana,call,China,,https://xeno-canto.org/974929/download,Ray Tsu 诸仁,https://creativecommons.org/licenses/by-nc-sa/4.0/,"Ray Tsu 诸仁 via xeno-canto.org (XC974929), https://creativecommons.org/licenses/by-nc-sa/4.0/",pending,v1,,974929,1:17
taxon-sinosuthora-webbiana,call,China,,https://xeno-canto.org/971865/download,Ray Tsu 诸仁,https://creativecommons.org/licenses/by-nc-sa/4.0/,"Ray Tsu 诸仁 via xeno-canto.org (XC971865), https://creativecommons.org/licenses/by-nc-sa/4.0/",pending,v1,,971865,0:14
taxon-sinosuthora-webbiana,call,China,,https://xeno-canto.org/966320/download,Ray Tsu 诸仁,https://creativecommons.org/licenses/by-nc-sa/4.0/,"Ray Tsu 诸仁 via xeno-canto.org (XC966320), https://creativecommons.org/licenses/by-nc-sa/4.0/",pending,v1,,966320,1:29
taxon-sinosuthora-webbiana,call,China,,https://xeno-canto.org/955273/download,Shuangqi Liu,https://creativecommons.org/licenses/by-nc-sa/4.0/,"Shuangqi Liu via xeno-canto.org (XC955273), https://creativecommons.org/licenses/by-nc-sa/4.0/",pending,v1,,955273,0:40
taxon-sinosuthora-webbiana,call,China,,https://xeno-canto.org/889837/download,Geoff Carey,https://creativecommons.org/licenses/by-nc-sa/4.0/,"Geoff Carey via xeno-canto.org (XC889837), https://creativecommons.org/licenses/by-nc-sa/4.0/",pending,v1,,889837,1:13
taxon-sinosuthora-webbiana,call,China,,https://xeno-canto.org/790235/download,Oriental Stork,https://creativecommons.org/licenses/by-nc-sa/4.0/,"Oriental Stork via xeno-canto.org (XC790235), https://creativecommons.org/licenses/by-nc-sa/4.0/",pending,v1,,790235,0:44
taxon-sinosuthora-webbiana,call,Taiwan,,https://xeno-canto.org/429523/download,Kuan-Chieh (Chuck) Hung, Taiwanbirdguide.com,https://creativecommons.org/licenses/by-nc-sa/4.0/,"Kuan-Chieh (Chuck) Hung, Taiwanbirdguide.com via xeno-canto.org (XC429523), https://creativecommons.org/licenses/by-nc-sa/4.0/",pending,v1,,429523,0:43
taxon-sinosuthora-webbiana,call,China,,https://xeno-canto.org/379269/download,Guy Kirwan,https://creativecommons.org/licenses/by-nc-sa/4.0/,"Guy Kirwan via xeno-canto.org (XC379269), https://creativecommons.org/licenses/by-nc-sa/4.0/",pending,v1,,379269,2:40
taxon-sinosuthora-webbiana,call,China,,https://xeno-canto.org/1066145/download,Junning Wang,https://creativecommons.org/licenses/by-nc-sa/4.0/,"Junning Wang via xeno-canto.org (XC1066145), https://creativecommons.org/licenses/by-nc-sa/4.0/",pending,v1,,1066145,1:01
taxon-sinosuthora-webbiana,call,China,,https://xeno-canto.org/1066143/download,Junning Wang,https://creativecommons.org/licenses/by-nc-sa/4.0/,"Junning Wang via xeno-canto.org (XC1066143), https://creativecommons.org/licenses/by-nc-sa/4.0/",pending,v1,,1066143,0:26
taxon-sinosuthora-webbiana,call,Taiwan,,https://xeno-canto.org/1040420/download,Lars Lachmann,https://creativecommons.org/licenses/by-nc-sa/4.0/,"Lars Lachmann via xeno-canto.org (XC1040420), https://creativecommons.org/licenses/by-nc-sa/4.0/",pending,v1,,1040420,0:15
taxon-sinosuthora-webbiana,call,China,,https://xeno-canto.org/992864/download,Baiyan Huang,https://creativecommons.org/licenses/by-nc-sa/4.0/,"Baiyan Huang via xeno-canto.org (XC992864), https://creativecommons.org/licenses/by-nc-sa/4.0/",pending,v1,,992864,0:11
taxon-sinosuthora-webbiana,call,China,,https://xeno-canto.org/986625/download,Lucas-Chen,https://creativecommons.org/licenses/by-nc-sa/4.0/,"Lucas-Chen via xeno-canto.org (XC986625), https://creativecommons.org/licenses/by-nc-sa/4.0/",pending,v1,,986625,0:20
taxon-sinosuthora-webbiana,call,China,,https://xeno-canto.org/979162/download,Lucas-Chen,https://creativecommons.org/licenses/by-nc-sa/4.0/,"Lucas-Chen via xeno-canto.org (XC979162), https://creativecommons.org/licenses/by-nc-sa/4.0/",pending,v1,,979162,0:15
taxon-sinosuthora-webbiana,call,China,,https://xeno-canto.org/972853/download,Osprey Robot,https://creativecommons.org/licenses/by-nc-sa/4.0/,"Osprey Robot via xeno-canto.org (XC972853), https://creativecommons.org/licenses/by-nc-sa/4.0/",pending,v1,,972853,0:58
taxon-sinosuthora-webbiana,call,China,,https://xeno-canto.org/961571/download,Lucas-Chen,https://creativecommons.org/licenses/by-nc-sa/4.0/,"Lucas-Chen via xeno-canto.org (XC961571), https://creativecommons.org/licenses/by-nc-sa/4.0/",pending,v1,,961571,0:21
taxon-sinosuthora-webbiana,call,China,,https://xeno-canto.org/925236/download,Bo Shunqi 薄顺奇,https://creativecommons.org/licenses/by-nc-sa/4.0/,"Bo Shunqi 薄顺奇 via xeno-canto.org (XC925236), https://creativecommons.org/licenses/by-nc-sa/4.0/",pending,v1,,925236,1:30
taxon-sinosuthora-webbiana,call,China,,https://xeno-canto.org/892174/download,Bo Shunqi薄顺奇,https://creativecommons.org/licenses/by-nc-sa/4.0/,"Bo Shunqi薄顺奇 via xeno-canto.org (XC892174), https://creativecommons.org/licenses/by-nc-sa/4.0/",pending,v1,,892174,2:09
taxon-sinosuthora-webbiana,call,China,,https://xeno-canto.org/889841/download,Geoff Carey,https://creativecommons.org/licenses/by-nc-sa/4.0/,"Geoff Carey via xeno-canto.org (XC889841), https://creativecommons.org/licenses/by-nc-sa/4.0/",pending,v1,,889841,0:52
taxon-sinosuthora-webbiana,call,China,,https://xeno-canto.org/889840/download,Geoff Carey,https://creativecommons.org/licenses/by-nc-sa/4.0/,"Geoff Carey via xeno-canto.org (XC889840), https://creativecommons.org/licenses/by-nc-sa/4.0/",pending,v1,,889840,1:54
taxon-sinosuthora-webbiana,call,China,,https://xeno-canto.org/875326/download,小菜鸟,https://creativecommons.org/licenses/by-nc-sa/4.0/,"小菜鸟 via xeno-canto.org (XC875326), https://creativecommons.org/licenses/by-nc-sa/4.0/",pending,v1,,875326,0:18
taxon-sinosuthora-webbiana,call,China,,https://xeno-canto.org/819344/download,Ray Tsu 诸仁,https://creativecommons.org/licenses/by-nc-sa/4.0/,"Ray Tsu 诸仁 via xeno-canto.org (XC819344), https://creativecommons.org/licenses/by-nc-sa/4.0/",pending,v1,,819344,0:56
taxon-sinosuthora-webbiana,call,China,,https://xeno-canto.org/817809/download,Pete Dunten,https://creativecommons.org/licenses/by-nc-sa/4.0/,"Pete Dunten via xeno-canto.org (XC817809), https://creativecommons.org/licenses/by-nc-sa/4.0/",pending,v1,,817809,0:13
taxon-sinosuthora-webbiana,call,China,,https://xeno-canto.org/800439/download,pehjiang,https://creativecommons.org/licenses/by-nc-sa/4.0/,"pehjiang via xeno-canto.org (XC800439), https://creativecommons.org/licenses/by-nc-sa/4.0/",pending,v1,,800439,0:14
taxon-sinosuthora-webbiana,call,China,,https://xeno-canto.org/791430/download,Common Jeff（麻杰夫）,https://creativecommons.org/licenses/by-nc-sa/4.0/,"Common Jeff（麻杰夫） via xeno-canto.org (XC791430), https://creativecommons.org/licenses/by-nc-sa/4.0/",pending,v1,,791430,1:07
taxon-sinosuthora-webbiana,call,China,,https://xeno-canto.org/790237/download,Oriental Stork,https://creativecommons.org/licenses/by-nc-sa/4.0/,"Oriental Stork via xeno-canto.org (XC790237), https://creativecommons.org/licenses/by-nc-sa/4.0/",pending,v1,,790237,0:15
taxon-sinosuthora-webbiana,call,South Korea,,https://xeno-canto.org/787501/download,Stuart Fisher,https://creativecommons.org/licenses/by-nc-sa/4.0/,"Stuart Fisher via xeno-canto.org (XC787501), https://creativecommons.org/licenses/by-nc-sa/4.0/",pending,v1,,787501,0:21
taxon-sinosuthora-webbiana,call,China,,https://xeno-canto.org/783804/download,sherwin,https://creativecommons.org/licenses/by-nc-sa/4.0/,"sherwin via xeno-canto.org (XC783804), https://creativecommons.org/licenses/by-nc-sa/4.0/",pending,v1,,783804,1:37
taxon-sinosuthora-webbiana,call,Taiwan,,https://xeno-canto.org/767783/download,Chi-Hsuan Shao,https://creativecommons.org/licenses/by-nc-sa/4.0/,"Chi-Hsuan Shao via xeno-canto.org (XC767783), https://creativecommons.org/licenses/by-nc-sa/4.0/",pending,v1,,767783,0:40
taxon-sinosuthora-webbiana,call,China,,https://xeno-canto.org/767732/download,Dave Guo,https://creativecommons.org/licenses/by-nc-sa/4.0/,"Dave Guo via xeno-canto.org (XC767732), https://creativecommons.org/licenses/by-nc-sa/4.0/",pending,v1,,767732,0:30
taxon-sinosuthora-webbiana,call,China,,https://xeno-canto.org/751130/download,Ray Tsu 诸仁,https://creativecommons.org/licenses/by-nc-sa/4.0/,"Ray Tsu 诸仁 via xeno-canto.org (XC751130), https://creativecommons.org/licenses/by-nc-sa/4.0/",pending,v1,,751130,1:21
taxon-sinosuthora-webbiana,call,China,,https://xeno-canto.org/735371/download,Ray Tsu 诸仁,https://creativecommons.org/licenses/by-nc-sa/4.0/,"Ray Tsu 诸仁 via xeno-canto.org (XC735371), https://creativecommons.org/licenses/by-nc-sa/4.0/",pending,v1,,735371,0:40
taxon-sinosuthora-webbiana,call,China,,https://xeno-canto.org/722418/download,Common Jeff（麻杰夫）,https://creativecommons.org/licenses/by-nc-sa/4.0/,"Common Jeff（麻杰夫） via xeno-canto.org (XC722418), https://creativecommons.org/licenses/by-nc-sa/4.0/",pending,v1,,722418,0:35
taxon-sinosuthora-webbiana,call,China,,https://xeno-canto.org/720767/download,Bo Shunqi,https://creativecommons.org/licenses/by-nc-sa/4.0/,"Bo Shunqi via xeno-canto.org (XC720767), https://creativecommons.org/licenses/by-nc-sa/4.0/",pending,v1,,720767,2:30
taxon-sinosuthora-webbiana,call,China,,https://xeno-canto.org/716973/download,Ray Tsu 诸仁,https://creativecommons.org/licenses/by-nc-sa/4.0/,"Ray Tsu 诸仁 via xeno-canto.org (XC716973), https://creativecommons.org/licenses/by-nc-sa/4.0/",pending,v1,,716973,1:10
taxon-sinosuthora-webbiana,call,China,,https://xeno-canto.org/716728/download,Ray Tsu 诸仁,https://creativecommons.org/licenses/by-nc-sa/4.0/,"Ray Tsu 诸仁 via xeno-canto.org (XC716728), https://creativecommons.org/licenses/by-nc-sa/4.0/",pending,v1,,716728,0:34
taxon-sinosuthora-webbiana,call,China,,https://xeno-canto.org/716097/download,Ray Tsu 诸仁,https://creativecommons.org/licenses/by-nc-sa/4.0/,"Ray Tsu 诸仁 via xeno-canto.org (XC716097), https://creativecommons.org/licenses/by-nc-sa/4.0/",pending,v1,,716097,0:41
taxon-sinosuthora-webbiana,call,Taiwan,,https://xeno-canto.org/685373/download,Yuluen Tsai,https://creativecommons.org/licenses/by-nc-sa/4.0/,"Yuluen Tsai via xeno-canto.org (XC685373), https://creativecommons.org/licenses/by-nc-sa/4.0/",pending,v1,,685373,0:10
taxon-sinosuthora-webbiana,call,China,,https://xeno-canto.org/683147/download,Common Jeff（麻杰夫）,https://creativecommons.org/licenses/by-nc-sa/4.0/,"Common Jeff（麻杰夫） via xeno-canto.org (XC683147), https://creativecommons.org/licenses/by-nc-sa/4.0/",pending,v1,,683147,3:11
taxon-sinosuthora-webbiana,call,South Korea,,https://xeno-canto.org/655376/download,Wonseok Jang,https://creativecommons.org/licenses/by-nc-sa/4.0/,"Wonseok Jang via xeno-canto.org (XC655376), https://creativecommons.org/licenses/by-nc-sa/4.0/",pending,v1,,655376,0:36
taxon-sinosuthora-webbiana,call,South Korea,,https://xeno-canto.org/655369/download,Wonseok Jang,https://creativecommons.org/licenses/by-nc-sa/4.0/,"Wonseok Jang via xeno-canto.org (XC655369), https://creativecommons.org/licenses/by-nc-sa/4.0/",pending,v1,,655369,1:24
taxon-sinosuthora-webbiana,call,Taiwan,,https://xeno-canto.org/632382/download,Jerome Chie-Jen Ko,https://creativecommons.org/licenses/by-nc-sa/4.0/,"Jerome Chie-Jen Ko via xeno-canto.org (XC632382), https://creativecommons.org/licenses/by-nc-sa/4.0/",pending,v1,,632382,2:58
taxon-sinosuthora-webbiana,call,Taiwan,,https://xeno-canto.org/622958/download,Jerome Chie-Jen Ko,https://creativecommons.org/licenses/by-nc-sa/4.0/,"Jerome Chie-Jen Ko via xeno-canto.org (XC622958), https://creativecommons.org/licenses/by-nc-sa/4.0/",pending,v1,,622958,1:06
taxon-sinosuthora-webbiana,call,Taiwan,,https://xeno-canto.org/610051/download,An Chou,https://creativecommons.org/licenses/by-nc-sa/4.0/,"An Chou via xeno-canto.org (XC610051), https://creativecommons.org/licenses/by-nc-sa/4.0/",pending,v1,,610051,0:24
taxon-sinosuthora-webbiana,call,Taiwan,,https://xeno-canto.org/596339/download,Somkiat Pakapinyo (Chai),https://creativecommons.org/licenses/by-nc-sa/4.0/,"Somkiat Pakapinyo (Chai) via xeno-canto.org (XC596339), https://creativecommons.org/licenses/by-nc-sa/4.0/",pending,v1,,596339,0:12
taxon-sinosuthora-webbiana,call,South Korea,,https://xeno-canto.org/589134/download,Wonseok Jang,https://creativecommons.org/licenses/by-nc-sa/4.0/,"Wonseok Jang via xeno-canto.org (XC589134), https://creativecommons.org/licenses/by-nc-sa/4.0/",pending,v1,,589134,0:28
taxon-sinosuthora-webbiana,call,China,,https://xeno-canto.org/478783/download,Scott Olmstead,https://creativecommons.org/licenses/by-nc-sa/4.0/,"Scott Olmstead via xeno-canto.org (XC478783), https://creativecommons.org/licenses/by-nc-sa/4.0/",pending,v1,,478783,1:17
taxon-sinosuthora-webbiana,call,Italy,,https://xeno-canto.org/478333/download,Francesco Sottile,https://creativecommons.org/licenses/by-nc-sa/4.0/,"Francesco Sottile via xeno-canto.org (XC478333), https://creativecommons.org/licenses/by-nc-sa/4.0/",pending,v1,,478333,0:11
taxon-sinosuthora-webbiana,call,Taiwan,,https://xeno-canto.org/465270/download,張(Chang)智偉(Chih-Wei),https://creativecommons.org/licenses/by-nc-sa/4.0/,"張(Chang)智偉(Chih-Wei) via xeno-canto.org (XC465270), https://creativecommons.org/licenses/by-nc-sa/4.0/",pending,v1,,465270,0:36
taxon-sinosuthora-webbiana,call,South Korea,,https://xeno-canto.org/464672/download,Martin Sutherland,https://creativecommons.org/licenses/by-nc-sa/4.0/,"Martin Sutherland via xeno-canto.org (XC464672), https://creativecommons.org/licenses/by-nc-sa/4.0/",pending,v1,,464672,1:18
taxon-sinosuthora-webbiana,call,South Korea,,https://xeno-canto.org/464671/download,Martin Sutherland,https://creativecommons.org/licenses/by-nc-sa/4.0/,"Martin Sutherland via xeno-canto.org (XC464671), https://creativecommons.org/licenses/by-nc-sa/4.0/",pending,v1,,464671,0:27
taxon-sinosuthora-webbiana,call,Taiwan,,https://xeno-canto.org/445100/download,Midroad HSU,https://creativecommons.org/licenses/by-nc-sa/4.0/,"Midroad HSU via xeno-canto.org (XC445100), https://creativecommons.org/licenses/by-nc-sa/4.0/",pending,v1,,445100,0:21
taxon-sinosuthora-webbiana,call,Taiwan,,https://xeno-canto.org/429522/download,Kuan-Chieh (Chuck) Hung, Taiwanbirdguide.com,https://creativecommons.org/licenses/by-nc-sa/4.0/,"Kuan-Chieh (Chuck) Hung, Taiwanbirdguide.com via xeno-canto.org (XC429522), https://creativecommons.org/licenses/by-nc-sa/4.0/",pending,v1,,429522,1:06
taxon-sinosuthora-webbiana,call,Taiwan,,https://xeno-canto.org/429521/download,Kuan-Chieh (Chuck) Hung, Taiwanbirdguide.com,https://creativecommons.org/licenses/by-nc-sa/4.0/,"Kuan-Chieh (Chuck) Hung, Taiwanbirdguide.com via xeno-canto.org (XC429521), https://creativecommons.org/licenses/by-nc-sa/4.0/",pending,v1,,429521,0:37
taxon-sinosuthora-webbiana,call,South Korea,,https://xeno-canto.org/423341/download,Stuart Fisher,https://creativecommons.org/licenses/by-nc-sa/4.0/,"Stuart Fisher via xeno-canto.org (XC423341), https://creativecommons.org/licenses/by-nc-sa/4.0/",pending,v1,,423341,0:31
taxon-sinosuthora-webbiana,call,China,,https://xeno-canto.org/408717/download,Sid Francis,https://creativecommons.org/licenses/by-nc-sa/4.0/,"Sid Francis via xeno-canto.org (XC408717), https://creativecommons.org/licenses/by-nc-sa/4.0/",pending,v1,,408717,0:36
taxon-sinosuthora-webbiana,call,China,,https://xeno-canto.org/380147/download,Guy Kirwan,https://creativecommons.org/licenses/by-nc-sa/4.0/,"Guy Kirwan via xeno-canto.org (XC380147), https://creativecommons.org/licenses/by-nc-sa/4.0/",pending,v1,,380147,1:30
taxon-sinosuthora-webbiana,call,China,,https://xeno-canto.org/379278/download,Guy Kirwan,https://creativecommons.org/licenses/by-nc-sa/4.0/,"Guy Kirwan via xeno-canto.org (XC379278), https://creativecommons.org/licenses/by-nc-sa/4.0/",pending,v1,,379278,0:41
taxon-sinosuthora-webbiana,call,China,,https://xeno-canto.org/304032/download,Qin Huang,https://creativecommons.org/licenses/by-nc-sa/4.0/,"Qin Huang via xeno-canto.org (XC304032), https://creativecommons.org/licenses/by-nc-sa/4.0/",pending,v1,,304032,1:16
taxon-sinosuthora-webbiana,call,South Korea,,https://xeno-canto.org/285508/download,Jim Holmes,https://creativecommons.org/licenses/by-nc-sa/4.0/,"Jim Holmes via xeno-canto.org (XC285508), https://creativecommons.org/licenses/by-nc-sa/4.0/",pending,v1,,285508,0:14
taxon-sinosuthora-webbiana,call,Taiwan,,https://xeno-canto.org/284402/download,Ko Chie-Jen (Jerome),https://creativecommons.org/licenses/by-nc-sa/4.0/,"Ko Chie-Jen (Jerome) via xeno-canto.org (XC284402), https://creativecommons.org/licenses/by-nc-sa/4.0/",pending,v1,,284402,2:00
taxon-sinosuthora-webbiana,call,Russian Federation,,https://xeno-canto.org/268127/download,Albert Lastukhin,https://creativecommons.org/licenses/by-nc-sa/4.0/,"Albert Lastukhin via xeno-canto.org (XC268127), https://creativecommons.org/licenses/by-nc-sa/4.0/",pending,v1,,268127,0:32
taxon-sinosuthora-webbiana,call,Russian Federation,,https://xeno-canto.org/268126/download,Albert Lastukhin,https://creativecommons.org/licenses/by-nc-sa/4.0/,"Albert Lastukhin via xeno-canto.org (XC268126), https://creativecommons.org/licenses/by-nc-sa/4.0/",pending,v1,,268126,0:19
taxon-sinosuthora-webbiana,call,Russian Federation,,https://xeno-canto.org/268125/download,Albert Lastukhin,https://creativecommons.org/licenses/by-nc-sa/4.0/,"Albert Lastukhin via xeno-canto.org (XC268125), https://creativecommons.org/licenses/by-nc-sa/4.0/",pending,v1,,268125,0:26
taxon-sinosuthora-webbiana,call,Russian Federation,,https://xeno-canto.org/268124/download,Albert Lastukhin,https://creativecommons.org/licenses/by-nc-sa/4.0/,"Albert Lastukhin via xeno-canto.org (XC268124), https://creativecommons.org/licenses/by-nc-sa/4.0/",pending,v1,,268124,0:13
taxon-sinosuthora-webbiana,call,Russian Federation,,https://xeno-canto.org/268123/download,Albert Lastukhin,https://creativecommons.org/licenses/by-nc-sa/4.0/,"Albert Lastukhin via xeno-canto.org (XC268123), https://creativecommons.org/licenses/by-nc-sa/4.0/",pending,v1,,268123,0:10
taxon-sinosuthora-webbiana,call,China,,https://xeno-canto.org/241076/download,Michael Grunwell,https://creativecommons.org/licenses/by-nc-sa/4.0/,"Michael Grunwell via xeno-canto.org (XC241076), https://creativecommons.org/licenses/by-nc-sa/4.0/",pending,v1,,241076,0:48
taxon-parus-cinereus,call,India,,https://xeno-canto.org/1093376/download,Ashwini Bhatia,https://creativecommons.org/licenses/by-nc-sa/4.0/,"Ashwini Bhatia via xeno-canto.org (XC1093376), https://creativecommons.org/licenses/by-nc-sa/4.0/",pending,v1,,1093376,0:44
taxon-parus-cinereus,call,China,,https://xeno-canto.org/1078967/download,JJSUN,https://creativecommons.org/licenses/by-nc-sa/4.0/,"JJSUN via xeno-canto.org (XC1078967), https://creativecommons.org/licenses/by-nc-sa/4.0/",pending,v1,,1078967,0:18
taxon-parus-cinereus,call,India,,https://xeno-canto.org/1049520/download,Ujjal Kishor De,https://creativecommons.org/licenses/by-sa/4.0/,"Ujjal Kishor De via xeno-canto.org (XC1049520), https://creativecommons.org/licenses/by-sa/4.0/",pending,v1,,1049520,0:09
taxon-parus-cinereus,call,China,,https://xeno-canto.org/999814/download,Penghui Lou,https://creativecommons.org/licenses/by-nc-sa/4.0/,"Penghui Lou via xeno-canto.org (XC999814), https://creativecommons.org/licenses/by-nc-sa/4.0/",pending,v1,,999814,0:25
taxon-parus-cinereus,call,India,,https://xeno-canto.org/978881/download,David Darrell-Lambert,https://creativecommons.org/licenses/by-nc-sa/4.0/,"David Darrell-Lambert via xeno-canto.org (XC978881), https://creativecommons.org/licenses/by-nc-sa/4.0/",pending,v1,,978881,0:08
taxon-parus-cinereus,call,Thailand,,https://xeno-canto.org/965837/download,Sam Hambly,https://creativecommons.org/licenses/by-nc-sa/4.0/,"Sam Hambly via xeno-canto.org (XC965837), https://creativecommons.org/licenses/by-nc-sa/4.0/",pending,v1,,965837,0:12
taxon-parus-cinereus,call,India,,https://xeno-canto.org/959395/download,David Darrell-Lambert,https://creativecommons.org/licenses/by-nc-sa/4.0/,"David Darrell-Lambert via xeno-canto.org (XC959395), https://creativecommons.org/licenses/by-nc-sa/4.0/",pending,v1,,959395,0:05
taxon-parus-cinereus,call,India,,https://xeno-canto.org/959394/download,David Darrell-Lambert,https://creativecommons.org/licenses/by-nc-sa/4.0/,"David Darrell-Lambert via xeno-canto.org (XC959394), https://creativecommons.org/licenses/by-nc-sa/4.0/",pending,v1,,959394,0:12
taxon-parus-cinereus,call,Indonesia,,https://xeno-canto.org/922086/download,Untung Sarmawi,https://creativecommons.org/publicdomain/zero/1.0/,"Untung Sarmawi via xeno-canto.org (XC922086), https://creativecommons.org/publicdomain/zero/1.0/",pending,v1,,922086,1:06
taxon-parus-cinereus,call,China,,https://xeno-canto.org/889938/download,Dave GUO,https://creativecommons.org/licenses/by-nc-sa/4.0/,"Dave GUO via xeno-canto.org (XC889938), https://creativecommons.org/licenses/by-nc-sa/4.0/",pending,v1,,889938,0:23
taxon-parus-cinereus,call,China,,https://xeno-canto.org/889937/download,Dave GUO,https://creativecommons.org/licenses/by-nc-sa/4.0/,"Dave GUO via xeno-canto.org (XC889937), https://creativecommons.org/licenses/by-nc-sa/4.0/",pending,v1,,889937,0:22
taxon-parus-cinereus,call,China,,https://xeno-canto.org/889843/download,Dave GUO,https://creativecommons.org/licenses/by-nc-sa/4.0/,"Dave GUO via xeno-canto.org (XC889843), https://creativecommons.org/licenses/by-nc-sa/4.0/",pending,v1,,889843,2:08
taxon-parus-cinereus,call,India,,https://xeno-canto.org/882263/download,Lars Lachmann,https://creativecommons.org/licenses/by-nc-sa/4.0/,"Lars Lachmann via xeno-canto.org (XC882263), https://creativecommons.org/licenses/by-nc-sa/4.0/",pending,v1,,882263,0:15
taxon-parus-cinereus,call,China,,https://xeno-canto.org/797466/download,Dave GUO,https://creativecommons.org/licenses/by-nc-sa/4.0/,"Dave GUO via xeno-canto.org (XC797466), https://creativecommons.org/licenses/by-nc-sa/4.0/",pending,v1,,797466,0:10
taxon-parus-cinereus,call,China,,https://xeno-canto.org/781804/download,Dave GUO,https://creativecommons.org/licenses/by-nc-sa/4.0/,"Dave GUO via xeno-canto.org (XC781804), https://creativecommons.org/licenses/by-nc-sa/4.0/",pending,v1,,781804,0:49
taxon-parus-cinereus,call,India,,https://xeno-canto.org/778604/download,Guy Kirwan,https://creativecommons.org/licenses/by-nc-sa/4.0/,"Guy Kirwan via xeno-canto.org (XC778604), https://creativecommons.org/licenses/by-nc-sa/4.0/",pending,v1,,778604,1:08
taxon-parus-cinereus,call,Sri Lanka,,https://xeno-canto.org/777400/download,Jelle Scharringa,https://creativecommons.org/licenses/by-nc-sa/4.0/,"Jelle Scharringa via xeno-canto.org (XC777400), https://creativecommons.org/licenses/by-nc-sa/4.0/",pending,v1,,777400,1:12
taxon-parus-cinereus,call,Sri Lanka,,https://xeno-canto.org/777397/download,Jelle Scharringa,https://creativecommons.org/licenses/by-nc-sa/4.0/,"Jelle Scharringa via xeno-canto.org (XC777397), https://creativecommons.org/licenses/by-nc-sa/4.0/",pending,v1,,777397,0:54
taxon-parus-cinereus,call,Malaysia,,https://xeno-canto.org/777041/download,Wai Loon Wong,https://creativecommons.org/licenses/by-nc-sa/4.0/,"Wai Loon Wong via xeno-canto.org (XC777041), https://creativecommons.org/licenses/by-nc-sa/4.0/",pending,v1,,777041,0:09
taxon-parus-cinereus,call,Indonesia,,https://xeno-canto.org/776152/download,Jelle Scharringa,https://creativecommons.org/licenses/by-nc-sa/4.0/,"Jelle Scharringa via xeno-canto.org (XC776152), https://creativecommons.org/licenses/by-nc-sa/4.0/",pending,v1,,776152,0:19
taxon-parus-cinereus,call,India,,https://xeno-canto.org/768755/download,JISHNU KIZHAKKILLAM,https://creativecommons.org/licenses/by-nc-sa/4.0/,"JISHNU KIZHAKKILLAM via xeno-canto.org (XC768755), https://creativecommons.org/licenses/by-nc-sa/4.0/",pending,v1,,768755,0:28
taxon-parus-cinereus,call,Sri Lanka,,https://xeno-canto.org/756637/download,Okamoto Keita Sin,https://creativecommons.org/licenses/by-nc-sa/4.0/,"Okamoto Keita Sin via xeno-canto.org (XC756637), https://creativecommons.org/licenses/by-nc-sa/4.0/",pending,v1,,756637,0:13
taxon-parus-cinereus,call,Sri Lanka,,https://xeno-canto.org/625319/download,Jelle Scharringa,https://creativecommons.org/licenses/by-nc-sa/4.0/,"Jelle Scharringa via xeno-canto.org (XC625319), https://creativecommons.org/licenses/by-nc-sa/4.0/",pending,v1,,625319,0:36
taxon-parus-cinereus,call,Indonesia,,https://xeno-canto.org/625317/download,Jelle Scharringa,https://creativecommons.org/licenses/by-nc-sa/4.0/,"Jelle Scharringa via xeno-canto.org (XC625317), https://creativecommons.org/licenses/by-nc-sa/4.0/",pending,v1,,625317,0:26
taxon-parus-cinereus,call,Sri Lanka,,https://xeno-canto.org/625316/download,Jelle Scharringa,https://creativecommons.org/licenses/by-nc-sa/4.0/,"Jelle Scharringa via xeno-canto.org (XC625316), https://creativecommons.org/licenses/by-nc-sa/4.0/",pending,v1,,625316,0:49
taxon-parus-cinereus,call,Sri Lanka,,https://xeno-canto.org/625315/download,Jelle Scharringa,https://creativecommons.org/licenses/by-nc-sa/4.0/,"Jelle Scharringa via xeno-canto.org (XC625315), https://creativecommons.org/licenses/by-nc-sa/4.0/",pending,v1,,625315,1:13
taxon-parus-cinereus,call,Thailand,,https://xeno-canto.org/531958/download,Alain Verneau,https://creativecommons.org/licenses/by-nc-sa/4.0/,"Alain Verneau via xeno-canto.org (XC531958), https://creativecommons.org/licenses/by-nc-sa/4.0/",pending,v1,,531958,0:24
taxon-parus-cinereus,call,India,,https://xeno-canto.org/392177/download,bernard Fort,https://creativecommons.org/licenses/by-nc-sa/4.0/,"bernard Fort via xeno-canto.org (XC392177), https://creativecommons.org/licenses/by-nc-sa/4.0/",pending,v1,,392177,0:27
taxon-parus-cinereus,call,Indonesia,,https://xeno-canto.org/40062/download,Patrik Åberg,https://creativecommons.org/licenses/by-nc-sa/3.0/,"Patrik Åberg via xeno-canto.org (XC40062), https://creativecommons.org/licenses/by-nc-sa/3.0/",pending,v1,,40062,0:29
taxon-parus-cinereus,call,India,,https://xeno-canto.org/37771/download,David Farrow,https://creativecommons.org/licenses/by-nc-sa/3.0/,"David Farrow via xeno-canto.org (XC37771), https://creativecommons.org/licenses/by-nc-sa/3.0/",pending,v1,,37771,0:41
taxon-parus-cinereus,call,China,,https://xeno-canto.org/1147936/download,Dave Guo,https://creativecommons.org/licenses/by-nc-sa/4.0/,"Dave Guo via xeno-canto.org (XC1147936), https://creativecommons.org/licenses/by-nc-sa/4.0/",pending,v1,,1147936,0:26
taxon-parus-cinereus,call,South Korea,,https://xeno-canto.org/1097338/download,Uku Paal,https://creativecommons.org/licenses/by-nc-sa/4.0/,"Uku Paal via xeno-canto.org (XC1097338), https://creativecommons.org/licenses/by-nc-sa/4.0/",pending,v1,,1097338,0:39
taxon-parus-cinereus,call,South Korea,,https://xeno-canto.org/1097325/download,Uku Paal,https://creativecommons.org/licenses/by-nc-sa/4.0/,"Uku Paal via xeno-canto.org (XC1097325), https://creativecommons.org/licenses/by-nc-sa/4.0/",pending,v1,,1097325,0:08
taxon-parus-cinereus,call,Sri Lanka,,https://xeno-canto.org/1096576/download,Uku Paal,https://creativecommons.org/licenses/by-nc-sa/4.0/,"Uku Paal via xeno-canto.org (XC1096576), https://creativecommons.org/licenses/by-nc-sa/4.0/",pending,v1,,1096576,0:19
taxon-parus-cinereus,call,China,,https://xeno-canto.org/1063241/download,Penghui Lou,https://creativecommons.org/licenses/by-nc-sa/4.0/,"Penghui Lou via xeno-canto.org (XC1063241), https://creativecommons.org/licenses/by-nc-sa/4.0/",pending,v1,,1063241,0:12
taxon-parus-cinereus,call,Sri Lanka,,https://xeno-canto.org/1047124/download,Nick Talbot,https://creativecommons.org/licenses/by-nc-sa/4.0/,"Nick Talbot via xeno-canto.org (XC1047124), https://creativecommons.org/licenses/by-nc-sa/4.0/",pending,v1,,1047124,0:23
taxon-parus-cinereus,call,Sri Lanka,,https://xeno-canto.org/1047123/download,Nick Talbot,https://creativecommons.org/licenses/by-nc-sa/4.0/,"Nick Talbot via xeno-canto.org (XC1047123), https://creativecommons.org/licenses/by-nc-sa/4.0/",pending,v1,,1047123,0:14
taxon-parus-cinereus,call,India,,https://xeno-canto.org/1033082/download,Vijay Nivash,https://creativecommons.org/licenses/by-nc-sa/4.0/,"Vijay Nivash via xeno-canto.org (XC1033082), https://creativecommons.org/licenses/by-nc-sa/4.0/",pending,v1,,1033082,0:07
taxon-parus-cinereus,call,China,,https://xeno-canto.org/999968/download,Dave Guo,https://creativecommons.org/licenses/by-nc-sa/4.0/,"Dave Guo via xeno-canto.org (XC999968), https://creativecommons.org/licenses/by-nc-sa/4.0/",pending,v1,,999968,0:28
taxon-parus-cinereus,call,India,,https://xeno-canto.org/959393/download,David Darrell-Lambert,https://creativecommons.org/licenses/by-nc-sa/4.0/,"David Darrell-Lambert via xeno-canto.org (XC959393), https://creativecommons.org/licenses/by-nc-sa/4.0/",pending,v1,,959393,0:03
taxon-parus-cinereus,call,India,,https://xeno-canto.org/959392/download,David Darrell-Lambert,https://creativecommons.org/licenses/by-nc-sa/4.0/,"David Darrell-Lambert via xeno-canto.org (XC959392), https://creativecommons.org/licenses/by-nc-sa/4.0/",pending,v1,,959392,0:03
taxon-parus-cinereus,call,China,,https://xeno-canto.org/889920/download,Dave GUO,https://creativecommons.org/licenses/by-nc-sa/4.0/,"Dave GUO via xeno-canto.org (XC889920), https://creativecommons.org/licenses/by-nc-sa/4.0/",pending,v1,,889920,0:25
taxon-parus-cinereus,call,China,,https://xeno-canto.org/781803/download,Dave GUO,https://creativecommons.org/licenses/by-nc-sa/4.0/,"Dave GUO via xeno-canto.org (XC781803), https://creativecommons.org/licenses/by-nc-sa/4.0/",pending,v1,,781803,0:23
taxon-parus-cinereus,call,Sri Lanka,,https://xeno-canto.org/777401/download,Jelle Scharringa,https://creativecommons.org/licenses/by-nc-sa/4.0/,"Jelle Scharringa via xeno-canto.org (XC777401), https://creativecommons.org/licenses/by-nc-sa/4.0/",pending,v1,,777401,0:28
taxon-parus-cinereus,call,Sri Lanka,,https://xeno-canto.org/756636/download,Okamoto Keita Sin,https://creativecommons.org/licenses/by-nc-sa/4.0/,"Okamoto Keita Sin via xeno-canto.org (XC756636), https://creativecommons.org/licenses/by-nc-sa/4.0/",pending,v1,,756636,0:24
taxon-parus-cinereus,call,Thailand,,https://xeno-canto.org/753262/download,Somkiat Pakapinyo (Chai),https://creativecommons.org/licenses/by-nc-sa/4.0/,"Somkiat Pakapinyo (Chai) via xeno-canto.org (XC753262), https://creativecommons.org/licenses/by-nc-sa/4.0/",pending,v1,,753262,0:19
taxon-parus-cinereus,call,Thailand,,https://xeno-canto.org/753261/download,Somkiat Pakapinyo (Chai),https://creativecommons.org/licenses/by-nc-sa/4.0/,"Somkiat Pakapinyo (Chai) via xeno-canto.org (XC753261), https://creativecommons.org/licenses/by-nc-sa/4.0/",pending,v1,,753261,0:18
taxon-parus-cinereus,call,Thailand,,https://xeno-canto.org/753260/download,Somkiat Pakapinyo (Chai),https://creativecommons.org/licenses/by-nc-sa/4.0/,"Somkiat Pakapinyo (Chai) via xeno-canto.org (XC753260), https://creativecommons.org/licenses/by-nc-sa/4.0/",pending,v1,,753260,0:19
taxon-parus-cinereus,call,India,,https://xeno-canto.org/741499/download,Sathyan Meppayur,https://creativecommons.org/licenses/by-nc-sa/4.0/,"Sathyan Meppayur via xeno-canto.org (XC741499), https://creativecommons.org/licenses/by-nc-sa/4.0/",pending,v1,,741499,0:36
taxon-parus-cinereus,call,India,,https://xeno-canto.org/684246/download,Sreekumar Chirukandoth,https://creativecommons.org/licenses/by-nc-sa/4.0/,"Sreekumar Chirukandoth via xeno-canto.org (XC684246), https://creativecommons.org/licenses/by-nc-sa/4.0/",pending,v1,,684246,0:58
taxon-parus-cinereus,call,India,,https://xeno-canto.org/683604/download,Sreekumar Chirukandoth,https://creativecommons.org/licenses/by-nc-sa/4.0/,"Sreekumar Chirukandoth via xeno-canto.org (XC683604), https://creativecommons.org/licenses/by-nc-sa/4.0/",pending,v1,,683604,0:59
taxon-parus-cinereus,call,Malaysia,,https://xeno-canto.org/663232/download,Jani Sleutel,https://creativecommons.org/licenses/by-nc-sa/4.0/,"Jani Sleutel via xeno-canto.org (XC663232), https://creativecommons.org/licenses/by-nc-sa/4.0/",pending,v1,,663232,0:29
taxon-parus-cinereus,call,India,,https://xeno-canto.org/659309/download,Dhyey Shah,https://creativecommons.org/licenses/by-nc-sa/4.0/,"Dhyey Shah via xeno-canto.org (XC659309), https://creativecommons.org/licenses/by-nc-sa/4.0/",pending,v1,,659309,0:06
taxon-parus-cinereus,call,India,,https://xeno-canto.org/625320/download,Jelle Scharringa,https://creativecommons.org/licenses/by-nc-sa/4.0/,"Jelle Scharringa via xeno-canto.org (XC625320), https://creativecommons.org/licenses/by-nc-sa/4.0/",pending,v1,,625320,0:18
taxon-parus-cinereus,call,India,,https://xeno-canto.org/541756/download,MALYASRI BHATTACHARYA,https://creativecommons.org/licenses/by-nc-sa/4.0/,"MALYASRI BHATTACHARYA via xeno-canto.org (XC541756), https://creativecommons.org/licenses/by-nc-sa/4.0/",pending,v1,,541756,1:57
taxon-parus-cinereus,call,India,,https://xeno-canto.org/478582/download,JN Prasad,https://creativecommons.org/licenses/by-nc-sa/4.0/,"JN Prasad via xeno-canto.org (XC478582), https://creativecommons.org/licenses/by-nc-sa/4.0/",pending,v1,,478582,0:19
taxon-parus-cinereus,call,India,,https://xeno-canto.org/469501/download,Rajgopal Patil,https://creativecommons.org/licenses/by-nc-sa/4.0/,"Rajgopal Patil via xeno-canto.org (XC469501), https://creativecommons.org/licenses/by-nc-sa/4.0/",pending,v1,,469501,0:43
taxon-parus-cinereus,call,India,,https://xeno-canto.org/467589/download,Sreekumar Chirukandoth,https://creativecommons.org/licenses/by-nc-sa/4.0/,"Sreekumar Chirukandoth via xeno-canto.org (XC467589), https://creativecommons.org/licenses/by-nc-sa/4.0/",pending,v1,,467589,0:55
taxon-parus-cinereus,call,Bangladesh,,https://xeno-canto.org/461986/download,Sayam U. Chowdhury ,https://creativecommons.org/licenses/by-nc-sa/4.0/,"Sayam U. Chowdhury  via xeno-canto.org (XC461986), https://creativecommons.org/licenses/by-nc-sa/4.0/",pending,v1,,461986,0:05
taxon-parus-cinereus,call,India,,https://xeno-canto.org/426220/download,Thorkild Michaelsen,https://creativecommons.org/licenses/by-nc-sa/4.0/,"Thorkild Michaelsen via xeno-canto.org (XC426220), https://creativecommons.org/licenses/by-nc-sa/4.0/",pending,v1,,426220,0:22
taxon-parus-cinereus,call,India,,https://xeno-canto.org/417433/download,Sreekumar Chirukandoth,https://creativecommons.org/licenses/by-nc-sa/4.0/,"Sreekumar Chirukandoth via xeno-canto.org (XC417433), https://creativecommons.org/licenses/by-nc-sa/4.0/",pending,v1,,417433,0:10
taxon-parus-cinereus,call,India,,https://xeno-canto.org/417432/download,Sreekumar Chirukandoth,https://creativecommons.org/licenses/by-nc-sa/4.0/,"Sreekumar Chirukandoth via xeno-canto.org (XC417432), https://creativecommons.org/licenses/by-nc-sa/4.0/",pending,v1,,417432,0:21
taxon-parus-cinereus,call,Sri Lanka,,https://xeno-canto.org/403411/download,Kevin Cheng,https://creativecommons.org/licenses/by-nc-sa/4.0/,"Kevin Cheng via xeno-canto.org (XC403411), https://creativecommons.org/licenses/by-nc-sa/4.0/",pending,v1,,403411,0:21
taxon-parus-cinereus,call,India,,https://xeno-canto.org/401636/download,Dilip KG,https://creativecommons.org/licenses/by-nc-sa/4.0/,"Dilip KG via xeno-canto.org (XC401636), https://creativecommons.org/licenses/by-nc-sa/4.0/",pending,v1,,401636,1:11
taxon-parus-cinereus,call,Indonesia,,https://xeno-canto.org/400301/download,David Tan,https://creativecommons.org/licenses/by-nc-sa/4.0/,"David Tan via xeno-canto.org (XC400301), https://creativecommons.org/licenses/by-nc-sa/4.0/",pending,v1,,400301,0:15
taxon-parus-cinereus,call,India,,https://xeno-canto.org/380371/download,Monica Kaushik,https://creativecommons.org/licenses/by-nc-sa/4.0/,"Monica Kaushik via xeno-canto.org (XC380371), https://creativecommons.org/licenses/by-nc-sa/4.0/",pending,v1,,380371,1:37
taxon-poecile-palustris,call,France,,https://xeno-canto.org/1134399/download,Stanislas Wroza,https://creativecommons.org/licenses/by-nc-sa/4.0/,"Stanislas Wroza via xeno-canto.org (XC1134399), https://creativecommons.org/licenses/by-nc-sa/4.0/",pending,v1,,1134399,2:22
taxon-poecile-palustris,call,France,,https://xeno-canto.org/1134398/download,Stanislas Wroza,https://creativecommons.org/licenses/by-nc-sa/4.0/,"Stanislas Wroza via xeno-canto.org (XC1134398), https://creativecommons.org/licenses/by-nc-sa/4.0/",pending,v1,,1134398,0:37
taxon-poecile-palustris,call,Austria,,https://xeno-canto.org/1105692/download,Walter Wallner,https://creativecommons.org/licenses/by-nc-sa/4.0/,"Walter Wallner via xeno-canto.org (XC1105692), https://creativecommons.org/licenses/by-nc-sa/4.0/",pending,v1,,1105692,1:04
taxon-poecile-palustris,call,Poland,,https://xeno-canto.org/1104921/download,Romuald Mikusek,https://creativecommons.org/licenses/by-nc-sa/4.0/,"Romuald Mikusek via xeno-canto.org (XC1104921), https://creativecommons.org/licenses/by-nc-sa/4.0/",pending,v1,,1104921,2:02
taxon-poecile-palustris,call,Denmark,,https://xeno-canto.org/1099193/download,Christian Bøggild,https://creativecommons.org/licenses/by-nc-sa/4.0/,"Christian Bøggild via xeno-canto.org (XC1099193), https://creativecommons.org/licenses/by-nc-sa/4.0/",pending,v1,,1099193,3:28
taxon-poecile-palustris,call,United Kingdom,,https://xeno-canto.org/1090519/download,David Darrell-Lambert,https://creativecommons.org/licenses/by-nc-sa/4.0/,"David Darrell-Lambert via xeno-canto.org (XC1090519), https://creativecommons.org/licenses/by-nc-sa/4.0/",pending,v1,,1090519,0:43
taxon-poecile-palustris,call,Germany,,https://xeno-canto.org/983198/download,Jorge Leitão,https://creativecommons.org/licenses/by-nc-sa/4.0/,"Jorge Leitão via xeno-canto.org (XC983198), https://creativecommons.org/licenses/by-nc-sa/4.0/",pending,v1,,983198,0:55
taxon-poecile-palustris,call,Sweden,,https://xeno-canto.org/982787/download,Martin Fransson,https://creativecommons.org/licenses/by-nc-sa/4.0/,"Martin Fransson via xeno-canto.org (XC982787), https://creativecommons.org/licenses/by-nc-sa/4.0/",pending,v1,,982787,0:41
taxon-poecile-palustris,call,France,,https://xeno-canto.org/893808/download,Azens,https://creativecommons.org/licenses/by-nc-sa/4.0/,"Azens via xeno-canto.org (XC893808), https://creativecommons.org/licenses/by-nc-sa/4.0/",pending,v1,,893808,0:55
taxon-poecile-palustris,call,France,,https://xeno-canto.org/893807/download,Azens,https://creativecommons.org/licenses/by-nc-sa/4.0/,"Azens via xeno-canto.org (XC893807), https://creativecommons.org/licenses/by-nc-sa/4.0/",pending,v1,,893807,0:35
taxon-poecile-palustris,call,Germany,,https://xeno-canto.org/893390/download,Beatrix Saadi-Varchmin,https://creativecommons.org/licenses/by-nc-sa/4.0/,"Beatrix Saadi-Varchmin via xeno-canto.org (XC893390), https://creativecommons.org/licenses/by-nc-sa/4.0/",pending,v1,,893390,0:24
taxon-poecile-palustris,call,Spain,,https://xeno-canto.org/883600/download,SonoNatura,https://creativecommons.org/licenses/by-nc-sa/4.0/,"SonoNatura via xeno-canto.org (XC883600), https://creativecommons.org/licenses/by-nc-sa/4.0/",pending,v1,,883600,1:18
taxon-poecile-palustris,call,France,,https://xeno-canto.org/839028/download,Martin Billard,https://creativecommons.org/licenses/by-nc-sa/4.0/,"Martin Billard via xeno-canto.org (XC839028), https://creativecommons.org/licenses/by-nc-sa/4.0/",pending,v1,,839028,0:42
taxon-poecile-palustris,call,France,,https://xeno-canto.org/822176/download,Dominique Guillerme,https://creativecommons.org/licenses/by-nc-sa/4.0/,"Dominique Guillerme via xeno-canto.org (XC822176), https://creativecommons.org/licenses/by-nc-sa/4.0/",pending,v1,,822176,1:02
taxon-poecile-palustris,call,Poland,,https://xeno-canto.org/798068/download,Grzegorz Lorek,https://creativecommons.org/licenses/by-nc-sa/4.0/,"Grzegorz Lorek via xeno-canto.org (XC798068), https://creativecommons.org/licenses/by-nc-sa/4.0/",pending,v1,,798068,7:51
taxon-poecile-palustris,call,France,,https://xeno-canto.org/783846/download,Cedric Mroczko,https://creativecommons.org/licenses/by-nc-sa/4.0/,"Cedric Mroczko via xeno-canto.org (XC783846), https://creativecommons.org/licenses/by-nc-sa/4.0/",pending,v1,,783846,0:32
taxon-poecile-palustris,call,France,,https://xeno-canto.org/778730/download,Bernard BOUSQUET,https://creativecommons.org/licenses/by-nc-sa/4.0/,"Bernard BOUSQUET via xeno-canto.org (XC778730), https://creativecommons.org/licenses/by-nc-sa/4.0/",pending,v1,,778730,0:54
taxon-poecile-palustris,call,Sweden,,https://xeno-canto.org/777237/download,Thomas Bergman,https://creativecommons.org/licenses/by-nc-sa/4.0/,"Thomas Bergman via xeno-canto.org (XC777237), https://creativecommons.org/licenses/by-nc-sa/4.0/",pending,v1,,777237,0:24
taxon-poecile-palustris,call,Italy,,https://xeno-canto.org/750319/download,Sergio Mazzotti,https://creativecommons.org/licenses/by-nc-sa/4.0/,"Sergio Mazzotti via xeno-canto.org (XC750319), https://creativecommons.org/licenses/by-nc-sa/4.0/",pending,v1,,750319,0:31
taxon-poecile-palustris,call,Denmark,,https://xeno-canto.org/709851/download,Jens Kirkeby,https://creativecommons.org/licenses/by-nc-sa/4.0/,"Jens Kirkeby via xeno-canto.org (XC709851), https://creativecommons.org/licenses/by-nc-sa/4.0/",pending,v1,,709851,2:23
taxon-poecile-palustris,call,Denmark,,https://xeno-canto.org/709849/download,Jens Kirkeby,https://creativecommons.org/licenses/by-nc-sa/4.0/,"Jens Kirkeby via xeno-canto.org (XC709849), https://creativecommons.org/licenses/by-nc-sa/4.0/",pending,v1,,709849,1:32
taxon-poecile-palustris,call,France,,https://xeno-canto.org/708703/download,Stanislas Wroza,https://creativecommons.org/licenses/by-nc-sa/4.0/,"Stanislas Wroza via xeno-canto.org (XC708703), https://creativecommons.org/licenses/by-nc-sa/4.0/",pending,v1,,708703,2:12
taxon-poecile-palustris,call,Sweden,,https://xeno-canto.org/706317/download,Thomas Bergman,https://creativecommons.org/licenses/by-nc-sa/4.0/,"Thomas Bergman via xeno-canto.org (XC706317), https://creativecommons.org/licenses/by-nc-sa/4.0/",pending,v1,,706317,0:44
taxon-poecile-palustris,call,France,,https://xeno-canto.org/698557/download,Dominique Guillerme,https://creativecommons.org/licenses/by-nc-sa/4.0/,"Dominique Guillerme via xeno-canto.org (XC698557), https://creativecommons.org/licenses/by-nc-sa/4.0/",pending,v1,,698557,0:29
taxon-poecile-palustris,call,France,,https://xeno-canto.org/692397/download,Tanguy Loïs,https://creativecommons.org/licenses/by-nc-sa/4.0/,"Tanguy Loïs via xeno-canto.org (XC692397), https://creativecommons.org/licenses/by-nc-sa/4.0/",pending,v1,,692397,1:08
taxon-poecile-palustris,call,Italy,,https://xeno-canto.org/689005/download,Sergio Mazzotti,https://creativecommons.org/licenses/by-nc-sa/4.0/,"Sergio Mazzotti via xeno-canto.org (XC689005), https://creativecommons.org/licenses/by-nc-sa/4.0/",pending,v1,,689005,1:59
taxon-poecile-palustris,call,Estonia,,https://xeno-canto.org/669895/download,Uku Paal,https://creativecommons.org/licenses/by-nc-sa/4.0/,"Uku Paal via xeno-canto.org (XC669895), https://creativecommons.org/licenses/by-nc-sa/4.0/",pending,v1,,669895,1:06
taxon-poecile-palustris,call,Germany,,https://xeno-canto.org/666251/download,Micha Luhn,https://creativecommons.org/licenses/by-nc-sa/4.0/,"Micha Luhn via xeno-canto.org (XC666251), https://creativecommons.org/licenses/by-nc-sa/4.0/",pending,v1,,666251,0:11
taxon-poecile-palustris,call,Estonia,,https://xeno-canto.org/663338/download,Uku Paal,https://creativecommons.org/licenses/by-nc-sa/4.0/,"Uku Paal via xeno-canto.org (XC663338), https://creativecommons.org/licenses/by-nc-sa/4.0/",pending,v1,,663338,0:16
taxon-poecile-palustris,call,Croatia,,https://xeno-canto.org/643987/download,Domagoj Tomičić,https://creativecommons.org/licenses/by-nc-sa/4.0/,"Domagoj Tomičić via xeno-canto.org (XC643987), https://creativecommons.org/licenses/by-nc-sa/4.0/",pending,v1,,643987,0:32
taxon-poecile-palustris,call,France,,https://xeno-canto.org/629011/download,Christian Kerihuel,https://creativecommons.org/licenses/by-nc-sa/4.0/,"Christian Kerihuel via xeno-canto.org (XC629011), https://creativecommons.org/licenses/by-nc-sa/4.0/",pending,v1,,629011,0:16
taxon-poecile-palustris,call,France,,https://xeno-canto.org/627527/download,Stanislas Wroza,https://creativecommons.org/licenses/by-nc-sa/4.0/,"Stanislas Wroza via xeno-canto.org (XC627527), https://creativecommons.org/licenses/by-nc-sa/4.0/",pending,v1,,627527,1:08
taxon-poecile-palustris,call,Spain,,https://xeno-canto.org/627112/download,Marcel Gil Velasco,https://creativecommons.org/licenses/by-nc-sa/4.0/,"Marcel Gil Velasco via xeno-canto.org (XC627112), https://creativecommons.org/licenses/by-nc-sa/4.0/",pending,v1,,627112,0:47
taxon-poecile-palustris,call,Poland,,https://xeno-canto.org/624083/download,Jarek Matusiak,https://creativecommons.org/licenses/by-nc-sa/4.0/,"Jarek Matusiak via xeno-canto.org (XC624083), https://creativecommons.org/licenses/by-nc-sa/4.0/",pending,v1,,624083,0:20
taxon-poecile-palustris,call,Poland,,https://xeno-canto.org/624079/download,Jarek Matusiak,https://creativecommons.org/licenses/by-nc-sa/4.0/,"Jarek Matusiak via xeno-canto.org (XC624079), https://creativecommons.org/licenses/by-nc-sa/4.0/",pending,v1,,624079,1:07
taxon-poecile-palustris,call,Poland,,https://xeno-canto.org/624078/download,Jarek Matusiak,https://creativecommons.org/licenses/by-nc-sa/4.0/,"Jarek Matusiak via xeno-canto.org (XC624078), https://creativecommons.org/licenses/by-nc-sa/4.0/",pending,v1,,624078,0:27
taxon-poecile-palustris,call,France,,https://xeno-canto.org/618985/download,Stanislas Wroza,https://creativecommons.org/licenses/by-nc-sa/4.0/,"Stanislas Wroza via xeno-canto.org (XC618985), https://creativecommons.org/licenses/by-nc-sa/4.0/",pending,v1,,618985,2:09
taxon-poecile-palustris,call,France,,https://xeno-canto.org/618397/download,Olivier SWIFT,https://creativecommons.org/licenses/by-nc-sa/4.0/,"Olivier SWIFT via xeno-canto.org (XC618397), https://creativecommons.org/licenses/by-nc-sa/4.0/",pending,v1,,618397,0:32
taxon-poecile-palustris,call,Estonia,,https://xeno-canto.org/612044/download,Uku Paal,https://creativecommons.org/licenses/by-nc-sa/4.0/,"Uku Paal via xeno-canto.org (XC612044), https://creativecommons.org/licenses/by-nc-sa/4.0/",pending,v1,,612044,0:12
taxon-poecile-palustris,call,Sweden,,https://xeno-canto.org/594764/download,Teet Sirotkin,https://creativecommons.org/licenses/by-nc-sa/4.0/,"Teet Sirotkin via xeno-canto.org (XC594764), https://creativecommons.org/licenses/by-nc-sa/4.0/",pending,v1,,594764,0:41
taxon-poecile-palustris,call,France,,https://xeno-canto.org/584044/download,Cedric Mroczko,https://creativecommons.org/licenses/by-nc-sa/4.0/,"Cedric Mroczko via xeno-canto.org (XC584044), https://creativecommons.org/licenses/by-nc-sa/4.0/",pending,v1,,584044,1:45
taxon-poecile-palustris,call,United Kingdom,,https://xeno-canto.org/574632/download,Paul Holt,https://creativecommons.org/licenses/by-nc-sa/4.0/,"Paul Holt via xeno-canto.org (XC574632), https://creativecommons.org/licenses/by-nc-sa/4.0/",pending,v1,,574632,1:12
taxon-poecile-palustris,call,United Kingdom,,https://xeno-canto.org/574630/download,Paul Holt,https://creativecommons.org/licenses/by-nc-sa/4.0/,"Paul Holt via xeno-canto.org (XC574630), https://creativecommons.org/licenses/by-nc-sa/4.0/",pending,v1,,574630,0:50
taxon-poecile-palustris,call,Sweden,,https://xeno-canto.org/559280/download,Mikael Litsgård,https://creativecommons.org/licenses/by-nc-sa/4.0/,"Mikael Litsgård via xeno-canto.org (XC559280), https://creativecommons.org/licenses/by-nc-sa/4.0/",pending,v1,,559280,0:38
taxon-poecile-palustris,call,Sweden,,https://xeno-canto.org/559277/download,Mikael Litsgård,https://creativecommons.org/licenses/by-nc-sa/4.0/,"Mikael Litsgård via xeno-canto.org (XC559277), https://creativecommons.org/licenses/by-nc-sa/4.0/",pending,v1,,559277,0:31
taxon-poecile-palustris,call,France,,https://xeno-canto.org/553349/download,Olivier SWIFT,https://creativecommons.org/licenses/by-nc-sa/4.0/,"Olivier SWIFT via xeno-canto.org (XC553349), https://creativecommons.org/licenses/by-nc-sa/4.0/",pending,v1,,553349,1:01
taxon-poecile-palustris,call,France,,https://xeno-canto.org/549532/download,Stanislas Wroza,https://creativecommons.org/licenses/by-nc-sa/4.0/,"Stanislas Wroza via xeno-canto.org (XC549532), https://creativecommons.org/licenses/by-nc-sa/4.0/",pending,v1,,549532,3:10
taxon-poecile-palustris,call,Denmark,,https://xeno-canto.org/544113/download,Michael Brunhøj Hansen,https://creativecommons.org/licenses/by-nc-sa/4.0/,"Michael Brunhøj Hansen via xeno-canto.org (XC544113), https://creativecommons.org/licenses/by-nc-sa/4.0/",pending,v1,,544113,1:26
taxon-poecile-palustris,call,France,,https://xeno-canto.org/541927/download,Stanislas Wroza,https://creativecommons.org/licenses/by-nc-sa/4.0/,"Stanislas Wroza via xeno-canto.org (XC541927), https://creativecommons.org/licenses/by-nc-sa/4.0/",pending,v1,,541927,1:14
taxon-poecile-palustris,call,France,,https://xeno-canto.org/526345/download,Tanguy Loïs,https://creativecommons.org/licenses/by-nc-sa/4.0/,"Tanguy Loïs via xeno-canto.org (XC526345), https://creativecommons.org/licenses/by-nc-sa/4.0/",pending,v1,,526345,0:25
taxon-poecile-palustris,call,Spain,,https://xeno-canto.org/523092/download,Sean Ronayne,https://creativecommons.org/licenses/by-nc-sa/4.0/,"Sean Ronayne via xeno-canto.org (XC523092), https://creativecommons.org/licenses/by-nc-sa/4.0/",pending,v1,,523092,0:20
taxon-poecile-palustris,call,Spain,,https://xeno-canto.org/487352/download,Jordi Calvet,https://creativecommons.org/licenses/by-nc-sa/4.0/,"Jordi Calvet via xeno-canto.org (XC487352), https://creativecommons.org/licenses/by-nc-sa/4.0/",pending,v1,,487352,0:57
taxon-emberiza-elegans,call,China,,https://xeno-canto.org/1089214/download,Ray Tsu 诸仁,https://creativecommons.org/licenses/by-nc-sa/4.0/,"Ray Tsu 诸仁 via xeno-canto.org (XC1089214), https://creativecommons.org/licenses/by-nc-sa/4.0/",pending,v1,,1089214,1:00
taxon-emberiza-elegans,call,China,,https://xeno-canto.org/1068085/download,Ray Tsu 诸仁,https://creativecommons.org/licenses/by-nc-sa/4.0/,"Ray Tsu 诸仁 via xeno-canto.org (XC1068085), https://creativecommons.org/licenses/by-nc-sa/4.0/",pending,v1,,1068085,1:42
taxon-emberiza-elegans,call,China,,https://xeno-canto.org/1067866/download,Ray Tsu 诸仁,https://creativecommons.org/licenses/by-nc-sa/4.0/,"Ray Tsu 诸仁 via xeno-canto.org (XC1067866), https://creativecommons.org/licenses/by-nc-sa/4.0/",pending,v1,,1067866,3:36
taxon-emberiza-elegans,call,China,,https://xeno-canto.org/1067864/download,Ray Tsu 诸仁,https://creativecommons.org/licenses/by-nc-sa/4.0/,"Ray Tsu 诸仁 via xeno-canto.org (XC1067864), https://creativecommons.org/licenses/by-nc-sa/4.0/",pending,v1,,1067864,1:15
taxon-emberiza-elegans,call,China,,https://xeno-canto.org/992632/download,Bo Shunqi 薄顺奇,https://creativecommons.org/licenses/by-nc-sa/4.0/,"Bo Shunqi 薄顺奇 via xeno-canto.org (XC992632), https://creativecommons.org/licenses/by-nc-sa/4.0/",pending,v1,,992632,1:48
taxon-emberiza-elegans,call,China,,https://xeno-canto.org/986161/download,Feather V,https://creativecommons.org/licenses/by-nc-sa/4.0/,"Feather V via xeno-canto.org (XC986161), https://creativecommons.org/licenses/by-nc-sa/4.0/",pending,v1,,986161,0:09
taxon-emberiza-elegans,call,China,,https://xeno-canto.org/985900/download,Bo Shunqi 薄顺奇,https://creativecommons.org/licenses/by-nc-sa/4.0/,"Bo Shunqi 薄顺奇 via xeno-canto.org (XC985900), https://creativecommons.org/licenses/by-nc-sa/4.0/",pending,v1,,985900,4:36
taxon-emberiza-elegans,call,China,,https://xeno-canto.org/985899/download,Bo Shunqi 薄顺奇,https://creativecommons.org/licenses/by-nc-sa/4.0/,"Bo Shunqi 薄顺奇 via xeno-canto.org (XC985899), https://creativecommons.org/licenses/by-nc-sa/4.0/",pending,v1,,985899,0:26
taxon-emberiza-elegans,call,China,,https://xeno-canto.org/980006/download,Ray Tsu 诸仁,https://creativecommons.org/licenses/by-nc-sa/4.0/,"Ray Tsu 诸仁 via xeno-canto.org (XC980006), https://creativecommons.org/licenses/by-nc-sa/4.0/",pending,v1,,980006,2:13
taxon-emberiza-elegans,call,China,,https://xeno-canto.org/977295/download,Ray Tsu 诸仁,https://creativecommons.org/licenses/by-nc-sa/4.0/,"Ray Tsu 诸仁 via xeno-canto.org (XC977295), https://creativecommons.org/licenses/by-nc-sa/4.0/",pending,v1,,977295,0:14
taxon-emberiza-elegans,call,China,,https://xeno-canto.org/972353/download,Ray Tsu 诸仁,https://creativecommons.org/licenses/by-nc-sa/4.0/,"Ray Tsu 诸仁 via xeno-canto.org (XC972353), https://creativecommons.org/licenses/by-nc-sa/4.0/",pending,v1,,972353,1:24
taxon-emberiza-elegans,call,China,,https://xeno-canto.org/906317/download,Dave GUO,https://creativecommons.org/licenses/by-nc-sa/4.0/,"Dave GUO via xeno-canto.org (XC906317), https://creativecommons.org/licenses/by-nc-sa/4.0/",pending,v1,,906317,0:20
taxon-emberiza-elegans,call,China,,https://xeno-canto.org/842831/download,Bo Shunqi 薄顺奇,https://creativecommons.org/licenses/by-nc-sa/4.0/,"Bo Shunqi 薄顺奇 via xeno-canto.org (XC842831), https://creativecommons.org/licenses/by-nc-sa/4.0/",pending,v1,,842831,0:13
taxon-emberiza-elegans,call,China,,https://xeno-canto.org/840189/download,Bo Shunqi 薄顺奇,https://creativecommons.org/licenses/by-nc-sa/4.0/,"Bo Shunqi 薄顺奇 via xeno-canto.org (XC840189), https://creativecommons.org/licenses/by-nc-sa/4.0/",pending,v1,,840189,1:32
taxon-emberiza-elegans,call,China,,https://xeno-canto.org/821529/download,Ray Tsu 诸仁,https://creativecommons.org/licenses/by-nc-sa/4.0/,"Ray Tsu 诸仁 via xeno-canto.org (XC821529), https://creativecommons.org/licenses/by-nc-sa/4.0/",pending,v1,,821529,0:32
taxon-emberiza-elegans,call,China,,https://xeno-canto.org/821364/download,Xingyu Li 李兴宇,https://creativecommons.org/licenses/by-nc-sa/4.0/,"Xingyu Li 李兴宇 via xeno-canto.org (XC821364), https://creativecommons.org/licenses/by-nc-sa/4.0/",pending,v1,,821364,1:24
taxon-emberiza-elegans,call,China,,https://xeno-canto.org/769445/download,Dave Guo,https://creativecommons.org/licenses/by-nc-sa/4.0/,"Dave Guo via xeno-canto.org (XC769445), https://creativecommons.org/licenses/by-nc-sa/4.0/",pending,v1,,769445,0:03
taxon-emberiza-elegans,call,China,,https://xeno-canto.org/652388/download,Bo Shunqi 薄顺奇,https://creativecommons.org/licenses/by-nc-sa/4.0/,"Bo Shunqi 薄顺奇 via xeno-canto.org (XC652388), https://creativecommons.org/licenses/by-nc-sa/4.0/",pending,v1,,652388,1:35
taxon-emberiza-elegans,call,South Korea,,https://xeno-canto.org/572069/download,Wonseok Jang,https://creativecommons.org/licenses/by-nc-sa/4.0/,"Wonseok Jang via xeno-canto.org (XC572069), https://creativecommons.org/licenses/by-nc-sa/4.0/",pending,v1,,572069,0:26
taxon-emberiza-elegans,call,South Korea,,https://xeno-canto.org/464692/download,Martin Sutherland,https://creativecommons.org/licenses/by-nc-sa/4.0/,"Martin Sutherland via xeno-canto.org (XC464692), https://creativecommons.org/licenses/by-nc-sa/4.0/",pending,v1,,464692,0:34
taxon-emberiza-elegans,call,China,,https://xeno-canto.org/456979/download,AUDEVARD Aurélien,https://creativecommons.org/licenses/by-nc-sa/4.0/,"AUDEVARD Aurélien via xeno-canto.org (XC456979), https://creativecommons.org/licenses/by-nc-sa/4.0/",pending,v1,,456979,0:36
taxon-emberiza-elegans,call,Russian Federation,,https://xeno-canto.org/405251/download,Tom Wulf,https://creativecommons.org/licenses/by-nc-sa/4.0/,"Tom Wulf via xeno-canto.org (XC405251), https://creativecommons.org/licenses/by-nc-sa/4.0/",pending,v1,,405251,1:19
taxon-emberiza-elegans,call,Russian Federation,,https://xeno-canto.org/405243/download,Tom Wulf,https://creativecommons.org/licenses/by-nc-sa/4.0/,"Tom Wulf via xeno-canto.org (XC405243), https://creativecommons.org/licenses/by-nc-sa/4.0/",pending,v1,,405243,1:10
taxon-emberiza-elegans,call,Russian Federation,,https://xeno-canto.org/389042/download,Alex Thomas,https://creativecommons.org/licenses/by-nc-sa/4.0/,"Alex Thomas via xeno-canto.org (XC389042), https://creativecommons.org/licenses/by-nc-sa/4.0/",pending,v1,,389042,0:42
taxon-emberiza-elegans,call,South Korea,,https://xeno-canto.org/175807/download,Stuart Fisher,https://creativecommons.org/licenses/by-nc-sa/4.0/,"Stuart Fisher via xeno-canto.org (XC175807), https://creativecommons.org/licenses/by-nc-sa/4.0/",pending,v1,,175807,0:50
taxon-emberiza-elegans,call,China,,https://xeno-canto.org/1100340/download,Junning Wang,https://creativecommons.org/licenses/by-nc-sa/4.0/,"Junning Wang via xeno-canto.org (XC1100340), https://creativecommons.org/licenses/by-nc-sa/4.0/",pending,v1,,1100340,0:40
taxon-emberiza-elegans,call,Taiwan,,https://xeno-canto.org/1052262/download,Chi-Hsuan Shao,https://creativecommons.org/licenses/by-nc-sa/4.0/,"Chi-Hsuan Shao via xeno-canto.org (XC1052262), https://creativecommons.org/licenses/by-nc-sa/4.0/",pending,v1,,1052262,0:24
taxon-emberiza-elegans,call,China,,https://xeno-canto.org/1004669/download,Dave Guo,https://creativecommons.org/licenses/by-nc-sa/4.0/,"Dave Guo via xeno-canto.org (XC1004669), https://creativecommons.org/licenses/by-nc-sa/4.0/",pending,v1,,1004669,0:40
taxon-emberiza-elegans,call,China,,https://xeno-canto.org/999944/download,Bo Shunqi 薄顺奇,https://creativecommons.org/licenses/by-nc-sa/4.0/,"Bo Shunqi 薄顺奇 via xeno-canto.org (XC999944), https://creativecommons.org/licenses/by-nc-sa/4.0/",pending,v1,,999944,0:10
taxon-emberiza-elegans,call,China,,https://xeno-canto.org/979141/download,Ray Tsu 诸仁,https://creativecommons.org/licenses/by-nc-sa/4.0/,"Ray Tsu 诸仁 via xeno-canto.org (XC979141), https://creativecommons.org/licenses/by-nc-sa/4.0/",pending,v1,,979141,0:54
taxon-emberiza-elegans,call,China,,https://xeno-canto.org/972035/download,Ray Tsu 诸仁,https://creativecommons.org/licenses/by-nc-sa/4.0/,"Ray Tsu 诸仁 via xeno-canto.org (XC972035), https://creativecommons.org/licenses/by-nc-sa/4.0/",pending,v1,,972035,1:02
taxon-emberiza-elegans,call,China,,https://xeno-canto.org/893053/download,Bo Shunqi薄顺奇,https://creativecommons.org/licenses/by-nc-sa/4.0/,"Bo Shunqi薄顺奇 via xeno-canto.org (XC893053), https://creativecommons.org/licenses/by-nc-sa/4.0/",pending,v1,,893053,0:48
taxon-emberiza-elegans,call,China,,https://xeno-canto.org/892305/download,Bo Shunqi薄顺奇,https://creativecommons.org/licenses/by-nc-sa/4.0/,"Bo Shunqi薄顺奇 via xeno-canto.org (XC892305), https://creativecommons.org/licenses/by-nc-sa/4.0/",pending,v1,,892305,3:15
taxon-emberiza-elegans,call,China,,https://xeno-canto.org/892304/download,Bo Shunqi薄顺奇,https://creativecommons.org/licenses/by-nc-sa/4.0/,"Bo Shunqi薄顺奇 via xeno-canto.org (XC892304), https://creativecommons.org/licenses/by-nc-sa/4.0/",pending,v1,,892304,1:53
taxon-emberiza-elegans,call,China,,https://xeno-canto.org/892301/download,Bo Shunqi薄顺奇,https://creativecommons.org/licenses/by-nc-sa/4.0/,"Bo Shunqi薄顺奇 via xeno-canto.org (XC892301), https://creativecommons.org/licenses/by-nc-sa/4.0/",pending,v1,,892301,0:40
taxon-emberiza-elegans,call,Russian Federation,,https://xeno-canto.org/839937/download,Geoff Carey,https://creativecommons.org/licenses/by-nc-sa/4.0/,"Geoff Carey via xeno-canto.org (XC839937), https://creativecommons.org/licenses/by-nc-sa/4.0/",pending,v1,,839937,1:26
taxon-emberiza-elegans,call,China,,https://xeno-canto.org/806116/download,Jiahua X.,https://creativecommons.org/licenses/by-nc-sa/4.0/,"Jiahua X. via xeno-canto.org (XC806116), https://creativecommons.org/licenses/by-nc-sa/4.0/",pending,v1,,806116,0:25
taxon-emberiza-elegans,call,Russian Federation,,https://xeno-canto.org/805651/download,Vadim Ivushkin ,https://creativecommons.org/licenses/by-nc-sa/4.0/,"Vadim Ivushkin  via xeno-canto.org (XC805651), https://creativecommons.org/licenses/by-nc-sa/4.0/",pending,v1,,805651,0:33
taxon-emberiza-elegans,call,China,,https://xeno-canto.org/805242/download,Bo Shunqi 薄顺奇,https://creativecommons.org/licenses/by-nc-sa/4.0/,"Bo Shunqi 薄顺奇 via xeno-canto.org (XC805242), https://creativecommons.org/licenses/by-nc-sa/4.0/",pending,v1,,805242,2:46
taxon-emberiza-elegans,call,China,,https://xeno-canto.org/797720/download,Dave GUO,https://creativecommons.org/licenses/by-nc-sa/4.0/,"Dave GUO via xeno-canto.org (XC797720), https://creativecommons.org/licenses/by-nc-sa/4.0/",pending,v1,,797720,0:32
taxon-emberiza-elegans,call,China,,https://xeno-canto.org/790537/download,Bo Shunqi 薄顺奇,https://creativecommons.org/licenses/by-nc-sa/4.0/,"Bo Shunqi 薄顺奇 via xeno-canto.org (XC790537), https://creativecommons.org/licenses/by-nc-sa/4.0/",pending,v1,,790537,1:37
taxon-emberiza-elegans,call,South Korea,,https://xeno-canto.org/787819/download,Stuart Fisher,https://creativecommons.org/licenses/by-nc-sa/4.0/,"Stuart Fisher via xeno-canto.org (XC787819), https://creativecommons.org/licenses/by-nc-sa/4.0/",pending,v1,,787819,0:43
taxon-emberiza-elegans,call,China,,https://xeno-canto.org/782517/download,Shuangqi Liu,https://creativecommons.org/licenses/by-nc-sa/4.0/,"Shuangqi Liu via xeno-canto.org (XC782517), https://creativecommons.org/licenses/by-nc-sa/4.0/",pending,v1,,782517,0:05
taxon-emberiza-elegans,call,Russian Federation,,https://xeno-canto.org/782481/download,Mikhail Nevsky,https://creativecommons.org/licenses/by-nc-sa/4.0/,"Mikhail Nevsky via xeno-canto.org (XC782481), https://creativecommons.org/licenses/by-nc-sa/4.0/",pending,v1,,782481,0:10
taxon-emberiza-elegans,call,China,,https://xeno-canto.org/778359/download,Xingyu Li 李兴宇,https://creativecommons.org/licenses/by-nc-sa/4.0/,"Xingyu Li 李兴宇 via xeno-canto.org (XC778359), https://creativecommons.org/licenses/by-nc-sa/4.0/",pending,v1,,778359,0:59
taxon-emberiza-elegans,call,China,,https://xeno-canto.org/769726/download,Dave Guo,https://creativecommons.org/licenses/by-nc-sa/4.0/,"Dave Guo via xeno-canto.org (XC769726), https://creativecommons.org/licenses/by-nc-sa/4.0/",pending,v1,,769726,0:46
taxon-emberiza-elegans,call,China,,https://xeno-canto.org/769446/download,Dave Guo,https://creativecommons.org/licenses/by-nc-sa/4.0/,"Dave Guo via xeno-canto.org (XC769446), https://creativecommons.org/licenses/by-nc-sa/4.0/",pending,v1,,769446,0:43
taxon-emberiza-elegans,call,China,,https://xeno-canto.org/769444/download,Dave Guo,https://creativecommons.org/licenses/by-nc-sa/4.0/,"Dave Guo via xeno-canto.org (XC769444), https://creativecommons.org/licenses/by-nc-sa/4.0/",pending,v1,,769444,0:07
taxon-emberiza-elegans,call,China,,https://xeno-canto.org/767798/download,Dave Guo,https://creativecommons.org/licenses/by-nc-sa/4.0/,"Dave Guo via xeno-canto.org (XC767798), https://creativecommons.org/licenses/by-nc-sa/4.0/",pending,v1,,767798,0:12
taxon-emberiza-elegans,call,China,,https://xeno-canto.org/767591/download,Dave Guo,https://creativecommons.org/licenses/by-nc-sa/4.0/,"Dave Guo via xeno-canto.org (XC767591), https://creativecommons.org/licenses/by-nc-sa/4.0/",pending,v1,,767591,0:15
taxon-emberiza-elegans,call,China,,https://xeno-canto.org/763257/download,Ray Tsu 诸仁,https://creativecommons.org/licenses/by-nc-sa/4.0/,"Ray Tsu 诸仁 via xeno-canto.org (XC763257), https://creativecommons.org/licenses/by-nc-sa/4.0/",pending,v1,,763257,0:14
taxon-emberiza-elegans,call,China,,https://xeno-canto.org/762247/download,Ray Tsu 诸仁,https://creativecommons.org/licenses/by-nc-sa/4.0/,"Ray Tsu 诸仁 via xeno-canto.org (XC762247), https://creativecommons.org/licenses/by-nc-sa/4.0/",pending,v1,,762247,0:15
taxon-emberiza-elegans,call,China,,https://xeno-canto.org/760998/download,Oriental Stork,https://creativecommons.org/licenses/by-nc-sa/4.0/,"Oriental Stork via xeno-canto.org (XC760998), https://creativecommons.org/licenses/by-nc-sa/4.0/",pending,v1,,760998,2:25
taxon-emberiza-elegans,call,China,,https://xeno-canto.org/760365/download,Ray Tsu 诸仁,https://creativecommons.org/licenses/by-nc-sa/4.0/,"Ray Tsu 诸仁 via xeno-canto.org (XC760365), https://creativecommons.org/licenses/by-nc-sa/4.0/",pending,v1,,760365,0:16
taxon-emberiza-elegans,call,China,,https://xeno-canto.org/759491/download,Ray Tsu 诸仁,https://creativecommons.org/licenses/by-nc-sa/4.0/,"Ray Tsu 诸仁 via xeno-canto.org (XC759491), https://creativecommons.org/licenses/by-nc-sa/4.0/",pending,v1,,759491,0:21
taxon-emberiza-elegans,call,China,,https://xeno-canto.org/755180/download,Common Jeff（麻杰夫）,https://creativecommons.org/licenses/by-nc-sa/4.0/,"Common Jeff（麻杰夫） via xeno-canto.org (XC755180), https://creativecommons.org/licenses/by-nc-sa/4.0/",pending,v1,,755180,0:33
taxon-emberiza-elegans,call,China,,https://xeno-canto.org/750700/download,Common Jeff（麻杰夫）,https://creativecommons.org/licenses/by-nc-sa/4.0/,"Common Jeff（麻杰夫） via xeno-canto.org (XC750700), https://creativecommons.org/licenses/by-nc-sa/4.0/",pending,v1,,750700,0:13
taxon-emberiza-elegans,call,South Korea,,https://xeno-canto.org/746930/download,Yikweon Jang,https://creativecommons.org/licenses/by-nc-sa/4.0/,"Yikweon Jang via xeno-canto.org (XC746930), https://creativecommons.org/licenses/by-nc-sa/4.0/",pending,v1,,746930,0:28
taxon-emberiza-elegans,call,China,,https://xeno-canto.org/710763/download,Ray Tsu 诸仁,https://creativecommons.org/licenses/by-nc-sa/4.0/,"Ray Tsu 诸仁 via xeno-canto.org (XC710763), https://creativecommons.org/licenses/by-nc-sa/4.0/",pending,v1,,710763,1:06
taxon-emberiza-elegans,call,Taiwan,,https://xeno-canto.org/658766/download,Sunny Tseng,https://creativecommons.org/licenses/by-nc-sa/4.0/,"Sunny Tseng via xeno-canto.org (XC658766), https://creativecommons.org/licenses/by-nc-sa/4.0/",pending,v1,,658766,0:22
taxon-emberiza-elegans,call,South Korea,,https://xeno-canto.org/655638/download,Wonseok Jang,https://creativecommons.org/licenses/by-nc-sa/4.0/,"Wonseok Jang via xeno-canto.org (XC655638), https://creativecommons.org/licenses/by-nc-sa/4.0/",pending,v1,,655638,0:36
taxon-emberiza-elegans,call,South Korea,,https://xeno-canto.org/654762/download,Wonseok Jang,https://creativecommons.org/licenses/by-nc-sa/4.0/,"Wonseok Jang via xeno-canto.org (XC654762), https://creativecommons.org/licenses/by-nc-sa/4.0/",pending,v1,,654762,0:41
taxon-emberiza-elegans,call,South Korea,,https://xeno-canto.org/464690/download,Martin Sutherland,https://creativecommons.org/licenses/by-nc-sa/4.0/,"Martin Sutherland via xeno-canto.org (XC464690), https://creativecommons.org/licenses/by-nc-sa/4.0/",pending,v1,,464690,1:00
taxon-emberiza-elegans,call,South Korea,,https://xeno-canto.org/464689/download,Martin Sutherland,https://creativecommons.org/licenses/by-nc-sa/4.0/,"Martin Sutherland via xeno-canto.org (XC464689), https://creativecommons.org/licenses/by-nc-sa/4.0/",pending,v1,,464689,1:17
taxon-emberiza-elegans,call,South Korea,,https://xeno-canto.org/464688/download,Martin Sutherland,https://creativecommons.org/licenses/by-nc-sa/4.0/,"Martin Sutherland via xeno-canto.org (XC464688), https://creativecommons.org/licenses/by-nc-sa/4.0/",pending,v1,,464688,0:53
taxon-emberiza-elegans,call,Russian Federation,,https://xeno-canto.org/405259/download,Tom Wulf,https://creativecommons.org/licenses/by-nc-sa/4.0/,"Tom Wulf via xeno-canto.org (XC405259), https://creativecommons.org/licenses/by-nc-sa/4.0/",pending,v1,,405259,0:59
taxon-emberiza-elegans,call,Russian Federation,,https://xeno-canto.org/405258/download,Tom Wulf,https://creativecommons.org/licenses/by-nc-sa/4.0/,"Tom Wulf via xeno-canto.org (XC405258), https://creativecommons.org/licenses/by-nc-sa/4.0/",pending,v1,,405258,0:17
taxon-emberiza-elegans,call,South Korea,,https://xeno-canto.org/345140/download,Jarmo Pirhonen,https://creativecommons.org/licenses/by-nc-sa/4.0/,"Jarmo Pirhonen via xeno-canto.org (XC345140), https://creativecommons.org/licenses/by-nc-sa/4.0/",pending,v1,,345140,0:48
taxon-emberiza-elegans,call,Russian Federation,,https://xeno-canto.org/341978/download,Albert Lastukhin &amp; Vladimir Sotnikov,https://creativecommons.org/licenses/by-nc-sa/4.0/,"Albert Lastukhin &amp; Vladimir Sotnikov via xeno-canto.org (XC341978), https://creativecommons.org/licenses/by-nc-sa/4.0/",pending,v1,,341978,0:50
taxon-emberiza-elegans,call,Russian Federation,,https://xeno-canto.org/341976/download,Albert Lastukhin &amp; Vladimir Sotnikov,https://creativecommons.org/licenses/by-nc-sa/4.0/,"Albert Lastukhin &amp; Vladimir Sotnikov via xeno-canto.org (XC341976), https://creativecommons.org/licenses/by-nc-sa/4.0/",pending,v1,,341976,1:44
taxon-emberiza-elegans,call,Russian Federation,,https://xeno-canto.org/341975/download,Albert Lastukhin &amp; Vladimir Sotnikov,https://creativecommons.org/licenses/by-nc-sa/4.0/,"Albert Lastukhin &amp; Vladimir Sotnikov via xeno-canto.org (XC341975), https://creativecommons.org/licenses/by-nc-sa/4.0/",pending,v1,,341975,0:28
taxon-emberiza-elegans,call,Russian Federation,,https://xeno-canto.org/341968/download,Albert Lastukhin,https://creativecommons.org/licenses/by-nc-sa/4.0/,"Albert Lastukhin via xeno-canto.org (XC341968), https://creativecommons.org/licenses/by-nc-sa/4.0/",pending,v1,,341968,0:17
taxon-emberiza-elegans,call,China,,https://xeno-canto.org/307875/download,Joseph Tang,https://creativecommons.org/licenses/by-nc-sa/4.0/,"Joseph Tang via xeno-canto.org (XC307875), https://creativecommons.org/licenses/by-nc-sa/4.0/",pending,v1,,307875,0:33
taxon-emberiza-elegans,call,China,,https://xeno-canto.org/299815/download,Gao Chang,https://creativecommons.org/licenses/by-nc-sa/4.0/,"Gao Chang via xeno-canto.org (XC299815), https://creativecommons.org/licenses/by-nc-sa/4.0/",pending,v1,,299815,0:50
taxon-emberiza-elegans,call,Russian Federation,,https://xeno-canto.org/268395/download,Albert Lastukhin,https://creativecommons.org/licenses/by-nc-sa/4.0/,"Albert Lastukhin via xeno-canto.org (XC268395), https://creativecommons.org/licenses/by-nc-sa/4.0/",pending,v1,,268395,0:30
taxon-emberiza-elegans,call,Russian Federation,,https://xeno-canto.org/265732/download,Albert Lastukhin,https://creativecommons.org/licenses/by-nc-sa/4.0/,"Albert Lastukhin via xeno-canto.org (XC265732), https://creativecommons.org/licenses/by-nc-sa/4.0/",pending,v1,,265732,0:50
taxon-emberiza-elegans,call,South Korea,,https://xeno-canto.org/202757/download,Ross Gallardy,https://creativecommons.org/licenses/by-nc-sa/4.0/,"Ross Gallardy via xeno-canto.org (XC202757), https://creativecommons.org/licenses/by-nc-sa/4.0/",pending,v1,,202757,0:22
taxon-emberiza-elegans,call,South Korea,,https://xeno-canto.org/202756/download,Ross Gallardy,https://creativecommons.org/licenses/by-nc-sa/4.0/,"Ross Gallardy via xeno-canto.org (XC202756), https://creativecommons.org/licenses/by-nc-sa/4.0/",pending,v1,,202756,1:02
taxon-emberiza-elegans,call,South Korea,,https://xeno-canto.org/195059/download,Ross Gallardy,https://creativecommons.org/licenses/by-nc-sa/4.0/,"Ross Gallardy via xeno-canto.org (XC195059), https://creativecommons.org/licenses/by-nc-sa/4.0/",pending,v1,,195059,1:26
taxon-emberiza-elegans,call,South Korea,,https://xeno-canto.org/194881/download,Ross Gallardy,https://creativecommons.org/licenses/by-nc-sa/4.0/,"Ross Gallardy via xeno-canto.org (XC194881), https://creativecommons.org/licenses/by-nc-sa/4.0/",pending,v1,,194881,0:19
taxon-emberiza-elegans,call,South Korea,,https://xeno-canto.org/180162/download,Patrick Blake,https://creativecommons.org/licenses/by-nc-sa/4.0/,"Patrick Blake via xeno-canto.org (XC180162), https://creativecommons.org/licenses/by-nc-sa/4.0/",pending,v1,,180162,0:44
taxon-emberiza-elegans,call,Russian Federation,,https://xeno-canto.org/145972/download,Sander Bot,https://creativecommons.org/licenses/by-nc-sa/3.0/,"Sander Bot via xeno-canto.org (XC145972), https://creativecommons.org/licenses/by-nc-sa/3.0/",pending,v1,,145972,0:32
taxon-anas-zonorhyncha,call,China,,https://xeno-canto.org/920581/download,小菜鸟,https://creativecommons.org/licenses/by-nc-sa/4.0/,"小菜鸟 via xeno-canto.org (XC920581), https://creativecommons.org/licenses/by-nc-sa/4.0/",pending,v1,,920581,0:36
taxon-anas-zonorhyncha,call,Japan,,https://xeno-canto.org/858061/download,Joshua Chong,https://creativecommons.org/licenses/by-nc-sa/4.0/,"Joshua Chong via xeno-canto.org (XC858061), https://creativecommons.org/licenses/by-nc-sa/4.0/",pending,v1,,858061,1:12
taxon-anas-zonorhyncha,call,Japan,,https://xeno-canto.org/858060/download,Joshua Chong,https://creativecommons.org/licenses/by-nc-sa/4.0/,"Joshua Chong via xeno-canto.org (XC858060), https://creativecommons.org/licenses/by-nc-sa/4.0/",pending,v1,,858060,1:25
taxon-anas-zonorhyncha,call,China,,https://xeno-canto.org/842810/download,Bo Shunqi 薄顺奇,https://creativecommons.org/licenses/by-nc-sa/4.0/,"Bo Shunqi 薄顺奇 via xeno-canto.org (XC842810), https://creativecommons.org/licenses/by-nc-sa/4.0/",pending,v1,,842810,0:11
taxon-anas-zonorhyncha,call,China,,https://xeno-canto.org/841268/download,Bo Shunqi 薄顺奇,https://creativecommons.org/licenses/by-nc-sa/4.0/,"Bo Shunqi 薄顺奇 via xeno-canto.org (XC841268), https://creativecommons.org/licenses/by-nc-sa/4.0/",pending,v1,,841268,1:21
taxon-anas-zonorhyncha,call,Mongolia,,https://xeno-canto.org/835962/download,Martin Billard,https://creativecommons.org/licenses/by-nc-sa/4.0/,"Martin Billard via xeno-canto.org (XC835962), https://creativecommons.org/licenses/by-nc-sa/4.0/",pending,v1,,835962,0:26
taxon-anas-zonorhyncha,call,China,,https://xeno-canto.org/803919/download,Bo Shunqi 薄顺奇,https://creativecommons.org/licenses/by-nc-sa/4.0/,"Bo Shunqi 薄顺奇 via xeno-canto.org (XC803919), https://creativecommons.org/licenses/by-nc-sa/4.0/",pending,v1,,803919,0:10
taxon-anas-zonorhyncha,call,China,,https://xeno-canto.org/803918/download,Bo Shunqi 薄顺奇,https://creativecommons.org/licenses/by-nc-sa/4.0/,"Bo Shunqi 薄顺奇 via xeno-canto.org (XC803918), https://creativecommons.org/licenses/by-nc-sa/4.0/",pending,v1,,803918,0:55
taxon-anas-zonorhyncha,call,China,,https://xeno-canto.org/803917/download,Bo Shunqi 薄顺奇,https://creativecommons.org/licenses/by-nc-sa/4.0/,"Bo Shunqi 薄顺奇 via xeno-canto.org (XC803917), https://creativecommons.org/licenses/by-nc-sa/4.0/",pending,v1,,803917,0:19
taxon-anas-zonorhyncha,call,Russian Federation,,https://xeno-canto.org/266818/download,Albert Lastukhin,https://creativecommons.org/licenses/by-nc-sa/4.0/,"Albert Lastukhin via xeno-canto.org (XC266818), https://creativecommons.org/licenses/by-nc-sa/4.0/",pending,v1,,266818,0:09
taxon-anas-zonorhyncha,call,Russian Federation,,https://xeno-canto.org/266815/download,Albert Lastukhin,https://creativecommons.org/licenses/by-nc-sa/4.0/,"Albert Lastukhin via xeno-canto.org (XC266815), https://creativecommons.org/licenses/by-nc-sa/4.0/",pending,v1,,266815,0:31
taxon-anas-zonorhyncha,call,South Korea,,https://xeno-canto.org/194697/download,Ross Gallardy,https://creativecommons.org/licenses/by-nc-sa/4.0/,"Ross Gallardy via xeno-canto.org (XC194697), https://creativecommons.org/licenses/by-nc-sa/4.0/",pending,v1,,194697,0:38
taxon-anas-zonorhyncha,call,China,,https://xeno-canto.org/992583/download,Bo Shunqi 薄顺奇,https://creativecommons.org/licenses/by-nc-sa/4.0/,"Bo Shunqi 薄顺奇 via xeno-canto.org (XC992583), https://creativecommons.org/licenses/by-nc-sa/4.0/",pending,v1,,992583,1:43
taxon-anas-zonorhyncha,call,Japan,,https://xeno-canto.org/858062/download,Joshua Chong,https://creativecommons.org/licenses/by-nc-sa/4.0/,"Joshua Chong via xeno-canto.org (XC858062), https://creativecommons.org/licenses/by-nc-sa/4.0/",pending,v1,,858062,0:15
taxon-anas-zonorhyncha,call,Taiwan,,https://xeno-canto.org/854546/download,Chi-Hsuan Shao,https://creativecommons.org/licenses/by-nc-sa/4.0/,"Chi-Hsuan Shao via xeno-canto.org (XC854546), https://creativecommons.org/licenses/by-nc-sa/4.0/",pending,v1,,854546,1:10
taxon-anas-zonorhyncha,call,Mongolia,,https://xeno-canto.org/833586/download,Martin Billard,https://creativecommons.org/licenses/by-nc-sa/4.0/,"Martin Billard via xeno-canto.org (XC833586), https://creativecommons.org/licenses/by-nc-sa/4.0/",pending,v1,,833586,0:10
taxon-anas-zonorhyncha,call,South Korea,,https://xeno-canto.org/661792/download,Wonseok Jang,https://creativecommons.org/licenses/by-nc-sa/4.0/,"Wonseok Jang via xeno-canto.org (XC661792), https://creativecommons.org/licenses/by-nc-sa/4.0/",pending,v1,,661792,0:11
taxon-anas-zonorhyncha,call,South Korea,,https://xeno-canto.org/581286/download,Wonseok Jang,https://creativecommons.org/licenses/by-nc-sa/4.0/,"Wonseok Jang via xeno-canto.org (XC581286), https://creativecommons.org/licenses/by-nc-sa/4.0/",pending,v1,,581286,0:11
taxon-anas-zonorhyncha,call,Russian Federation,,https://xeno-canto.org/266817/download,Albert Lastukhin,https://creativecommons.org/licenses/by-nc-sa/4.0/,"Albert Lastukhin via xeno-canto.org (XC266817), https://creativecommons.org/licenses/by-nc-sa/4.0/",pending,v1,,266817,0:04
taxon-anas-zonorhyncha,call,Russian Federation,,https://xeno-canto.org/266814/download,Albert Lastukhin,https://creativecommons.org/licenses/by-nc-sa/4.0/,"Albert Lastukhin via xeno-canto.org (XC266814), https://creativecommons.org/licenses/by-nc-sa/4.0/",pending,v1,,266814,0:10
taxon-anas-zonorhyncha,call,Russian Federation,,https://xeno-canto.org/266813/download,Albert Lastukhin,https://creativecommons.org/licenses/by-nc-sa/4.0/,"Albert Lastukhin via xeno-canto.org (XC266813), https://creativecommons.org/licenses/by-nc-sa/4.0/",pending,v1,,266813,0:24
taxon-anas-zonorhyncha,call,Mongolia,,https://xeno-canto.org/1024442/download,Richard E. Webster,https://creativecommons.org/licenses/by-nc-sa/4.0/,"Richard E. Webster via xeno-canto.org (XC1024442), https://creativecommons.org/licenses/by-nc-sa/4.0/",pending,v1,,1024442,0:15
taxon-anas-zonorhyncha,call,Mongolia,,https://xeno-canto.org/1024438/download,Richard E. Webster,https://creativecommons.org/licenses/by-nc-sa/4.0/,"Richard E. Webster via xeno-canto.org (XC1024438), https://creativecommons.org/licenses/by-nc-sa/4.0/",pending,v1,,1024438,0:07
taxon-anas-zonorhyncha,call,Russian Federation,,https://xeno-canto.org/326876/download,Tom Wulf,https://creativecommons.org/licenses/by-nc-sa/4.0/,"Tom Wulf via xeno-canto.org (XC326876), https://creativecommons.org/licenses/by-nc-sa/4.0/",pending,v1,,326876,0:10
taxon-anas-zonorhyncha,call,Russian Federation,,https://xeno-canto.org/266816/download,Albert Lastukhin,https://creativecommons.org/licenses/by-nc-sa/4.0/,"Albert Lastukhin via xeno-canto.org (XC266816), https://creativecommons.org/licenses/by-nc-sa/4.0/",pending,v1,,266816,0:20
taxon-anas-zonorhyncha,call,China,,https://xeno-canto.org/975505/download,Lucas-Chen,https://creativecommons.org/licenses/by-nc-sa/4.0/,"Lucas-Chen via xeno-canto.org (XC975505), https://creativecommons.org/licenses/by-nc-sa/4.0/",pending,v1,,975505,0:14
taxon-anas-zonorhyncha,call,Japan,,https://xeno-canto.org/841077/download,GABRIEL LEITE,https://creativecommons.org/licenses/by-nc-sa/4.0/,"GABRIEL LEITE via xeno-canto.org (XC841077), https://creativecommons.org/licenses/by-nc-sa/4.0/",pending,v1,,841077,0:05
taxon-motacilla-alba,call,United Kingdom,,https://xeno-canto.org/1154501/download,David Darrell-Lambert,https://creativecommons.org/licenses/by-nc-sa/4.0/,"David Darrell-Lambert via xeno-canto.org (XC1154501), https://creativecommons.org/licenses/by-nc-sa/4.0/",pending,v1,,1154501,0:41
taxon-motacilla-alba,call,Austria,,https://xeno-canto.org/1142756/download,Walter Wallner,https://creativecommons.org/licenses/by-nc-sa/4.0/,"Walter Wallner via xeno-canto.org (XC1142756), https://creativecommons.org/licenses/by-nc-sa/4.0/",pending,v1,,1142756,2:12
taxon-motacilla-alba,call,Hungary,,https://xeno-canto.org/1140250/download,Walter Wallner,https://creativecommons.org/licenses/by-nc-sa/4.0/,"Walter Wallner via xeno-canto.org (XC1140250), https://creativecommons.org/licenses/by-nc-sa/4.0/",pending,v1,,1140250,1:03
taxon-motacilla-alba,call,United Kingdom,,https://xeno-canto.org/1138855/download,Simon Gillings,https://creativecommons.org/licenses/by-nc-sa/4.0/,"Simon Gillings via xeno-canto.org (XC1138855), https://creativecommons.org/licenses/by-nc-sa/4.0/",pending,v1,,1138855,0:35
taxon-motacilla-alba,call,Sweden,,https://xeno-canto.org/1133677/download,Lennart Jeppsson,https://creativecommons.org/licenses/by-nc-sa/4.0/,"Lennart Jeppsson via xeno-canto.org (XC1133677), https://creativecommons.org/licenses/by-nc-sa/4.0/",pending,v1,,1133677,1:31
taxon-motacilla-alba,call,Sweden,,https://xeno-canto.org/1103851/download,Petter Westberg,https://creativecommons.org/licenses/by-nc-sa/4.0/,"Petter Westberg via xeno-canto.org (XC1103851), https://creativecommons.org/licenses/by-nc-sa/4.0/",pending,v1,,1103851,0:19
taxon-motacilla-alba,call,China,,https://xeno-canto.org/1099062/download,Bo Shunqi 薄顺奇,https://creativecommons.org/licenses/by-nc-sa/4.0/,"Bo Shunqi 薄顺奇 via xeno-canto.org (XC1099062), https://creativecommons.org/licenses/by-nc-sa/4.0/",pending,v1,,1099062,3:10
taxon-motacilla-alba,call,Sweden,,https://xeno-canto.org/1088592/download,Petter Westberg,https://creativecommons.org/licenses/by-nc-sa/4.0/,"Petter Westberg via xeno-canto.org (XC1088592), https://creativecommons.org/licenses/by-nc-sa/4.0/",pending,v1,,1088592,0:48
taxon-motacilla-alba,call,United Kingdom,,https://xeno-canto.org/1083522/download,David Darrell-Lambert,https://creativecommons.org/licenses/by-nc-sa/4.0/,"David Darrell-Lambert via xeno-canto.org (XC1083522), https://creativecommons.org/licenses/by-nc-sa/4.0/",pending,v1,,1083522,0:08
taxon-motacilla-alba,call,Portugal,,https://xeno-canto.org/1063932/download,João Tomás,https://creativecommons.org/licenses/by-nc-sa/4.0/,"João Tomás via xeno-canto.org (XC1063932), https://creativecommons.org/licenses/by-nc-sa/4.0/",pending,v1,,1063932,0:08
taxon-motacilla-alba,call,France,,https://xeno-canto.org/1052680/download,Christian Kerihuel,https://creativecommons.org/licenses/by-nc-sa/4.0/,"Christian Kerihuel via xeno-canto.org (XC1052680), https://creativecommons.org/licenses/by-nc-sa/4.0/",pending,v1,,1052680,0:15
taxon-motacilla-alba,call,China,,https://xeno-canto.org/1048563/download,Bo Shunqi 薄顺奇,https://creativecommons.org/licenses/by-nc-sa/4.0/,"Bo Shunqi 薄顺奇 via xeno-canto.org (XC1048563), https://creativecommons.org/licenses/by-nc-sa/4.0/",pending,v1,,1048563,7:52
taxon-motacilla-alba,call,Netherlands,,https://xeno-canto.org/990630/download,Abe Bakker,https://creativecommons.org/licenses/by-nc-sa/4.0/,"Abe Bakker via xeno-canto.org (XC990630), https://creativecommons.org/licenses/by-nc-sa/4.0/",pending,v1,,990630,3:22
taxon-motacilla-alba,call,China,,https://xeno-canto.org/979151/download,Lucas-Chen,https://creativecommons.org/licenses/by-nc-sa/4.0/,"Lucas-Chen via xeno-canto.org (XC979151), https://creativecommons.org/licenses/by-nc-sa/4.0/",pending,v1,,979151,0:03
taxon-motacilla-alba,call,Spain,,https://xeno-canto.org/956443/download,Jacobo Ramil Millarengo,https://creativecommons.org/licenses/by-nc-sa/4.0/,"Jacobo Ramil Millarengo via xeno-canto.org (XC956443), https://creativecommons.org/licenses/by-nc-sa/4.0/",pending,v1,,956443,1:49
taxon-motacilla-alba,call,Spain,,https://xeno-canto.org/953710/download,João Tomás,https://creativecommons.org/licenses/by-nc-sa/4.0/,"João Tomás via xeno-canto.org (XC953710), https://creativecommons.org/licenses/by-nc-sa/4.0/",pending,v1,,953710,0:05
taxon-motacilla-alba,call,Sweden,,https://xeno-canto.org/923532/download,Lennart Jeppsson,https://creativecommons.org/licenses/by-nc-sa/4.0/,"Lennart Jeppsson via xeno-canto.org (XC923532), https://creativecommons.org/licenses/by-nc-sa/4.0/",pending,v1,,923532,0:42
taxon-motacilla-alba,call,China,,https://xeno-canto.org/892021/download,Bo Shunqi薄顺奇,https://creativecommons.org/licenses/by-nc-sa/4.0/,"Bo Shunqi薄顺奇 via xeno-canto.org (XC892021), https://creativecommons.org/licenses/by-nc-sa/4.0/",pending,v1,,892021,0:56
taxon-motacilla-alba,call,France,,https://xeno-canto.org/880693/download,Olivier SWIFT,https://creativecommons.org/licenses/by-nc-sa/4.0/,"Olivier SWIFT via xeno-canto.org (XC880693), https://creativecommons.org/licenses/by-nc-sa/4.0/",pending,v1,,880693,1:14
taxon-motacilla-alba,call,China,,https://xeno-canto.org/842823/download,Bo Shunqi 薄顺奇,https://creativecommons.org/licenses/by-nc-sa/4.0/,"Bo Shunqi 薄顺奇 via xeno-canto.org (XC842823), https://creativecommons.org/licenses/by-nc-sa/4.0/",pending,v1,,842823,0:05
taxon-motacilla-alba,call,China,,https://xeno-canto.org/824055/download,Bo Shunqi 薄顺奇,https://creativecommons.org/licenses/by-nc-sa/4.0/,"Bo Shunqi 薄顺奇 via xeno-canto.org (XC824055), https://creativecommons.org/licenses/by-nc-sa/4.0/",pending,v1,,824055,1:07
taxon-motacilla-alba,call,Germany,,https://xeno-canto.org/815975/download,Guy Kirwan,https://creativecommons.org/licenses/by-nc-sa/4.0/,"Guy Kirwan via xeno-canto.org (XC815975), https://creativecommons.org/licenses/by-nc-sa/4.0/",pending,v1,,815975,1:42
taxon-motacilla-alba,call,Sweden,,https://xeno-canto.org/813162/download,Lars Edenius,https://creativecommons.org/licenses/by-nc-sa/4.0/,"Lars Edenius via xeno-canto.org (XC813162), https://creativecommons.org/licenses/by-nc-sa/4.0/",pending,v1,,813162,0:33
taxon-motacilla-alba,call,United Kingdom,,https://xeno-canto.org/812095/download,Paul Driver,https://creativecommons.org/licenses/by-nc-sa/4.0/,"Paul Driver via xeno-canto.org (XC812095), https://creativecommons.org/licenses/by-nc-sa/4.0/",pending,v1,,812095,1:34
taxon-motacilla-alba,call,Sweden,,https://xeno-canto.org/808862/download,Lars Edenius,https://creativecommons.org/licenses/by-nc-sa/4.0/,"Lars Edenius via xeno-canto.org (XC808862), https://creativecommons.org/licenses/by-nc-sa/4.0/",pending,v1,,808862,0:25
taxon-motacilla-alba,call,Italy,,https://xeno-canto.org/799205/download,Francesco Sottile,https://creativecommons.org/licenses/by-nc-sa/4.0/,"Francesco Sottile via xeno-canto.org (XC799205), https://creativecommons.org/licenses/by-nc-sa/4.0/",pending,v1,,799205,0:20
taxon-motacilla-alba,call,Sweden,,https://xeno-canto.org/798934/download,Thomas Bergman,https://creativecommons.org/licenses/by-nc-sa/4.0/,"Thomas Bergman via xeno-canto.org (XC798934), https://creativecommons.org/licenses/by-nc-sa/4.0/",pending,v1,,798934,1:12
taxon-motacilla-alba,call,Sweden,,https://xeno-canto.org/797287/download,Lars Edenius,https://creativecommons.org/licenses/by-nc-sa/4.0/,"Lars Edenius via xeno-canto.org (XC797287), https://creativecommons.org/licenses/by-nc-sa/4.0/",pending,v1,,797287,1:33
taxon-motacilla-alba,call,Sweden,,https://xeno-canto.org/795253/download,Lars Edenius,https://creativecommons.org/licenses/by-nc-sa/4.0/,"Lars Edenius via xeno-canto.org (XC795253), https://creativecommons.org/licenses/by-nc-sa/4.0/",pending,v1,,795253,0:06
taxon-motacilla-alba,call,Sweden,,https://xeno-canto.org/794697/download,Lars Edenius,https://creativecommons.org/licenses/by-nc-sa/4.0/,"Lars Edenius via xeno-canto.org (XC794697), https://creativecommons.org/licenses/by-nc-sa/4.0/",pending,v1,,794697,0:08
taxon-motacilla-alba,call,Kazakhstan,,https://xeno-canto.org/773143/download,Mats Rellmar,https://creativecommons.org/licenses/by-nc-sa/4.0/,"Mats Rellmar via xeno-canto.org (XC773143), https://creativecommons.org/licenses/by-nc-sa/4.0/",pending,v1,,773143,0:06
taxon-motacilla-alba,call,Mongolia,,https://xeno-canto.org/765221/download,Stanislas Wroza,https://creativecommons.org/licenses/by-nc-sa/4.0/,"Stanislas Wroza via xeno-canto.org (XC765221), https://creativecommons.org/licenses/by-nc-sa/4.0/",pending,v1,,765221,0:16
taxon-motacilla-alba,call,Mongolia,,https://xeno-canto.org/765220/download,Stanislas Wroza,https://creativecommons.org/licenses/by-nc-sa/4.0/,"Stanislas Wroza via xeno-canto.org (XC765220), https://creativecommons.org/licenses/by-nc-sa/4.0/",pending,v1,,765220,0:06
taxon-motacilla-alba,call,Mongolia,,https://xeno-canto.org/765218/download,Stanislas Wroza,https://creativecommons.org/licenses/by-nc-sa/4.0/,"Stanislas Wroza via xeno-canto.org (XC765218), https://creativecommons.org/licenses/by-nc-sa/4.0/",pending,v1,,765218,0:32
taxon-motacilla-alba,call,Germany,,https://xeno-canto.org/758197/download,W. Agster,https://creativecommons.org/licenses/by-nc-sa/4.0/,"W. Agster via xeno-canto.org (XC758197), https://creativecommons.org/licenses/by-nc-sa/4.0/",pending,v1,,758197,0:10
taxon-motacilla-alba,call,China,,https://xeno-canto.org/731473/download,Geoff Carey,https://creativecommons.org/licenses/by-nc-sa/4.0/,"Geoff Carey via xeno-canto.org (XC731473), https://creativecommons.org/licenses/by-nc-sa/4.0/",pending,v1,,731473,3:50
taxon-motacilla-alba,call,China,,https://xeno-canto.org/731469/download,Geoff Carey,https://creativecommons.org/licenses/by-nc-sa/4.0/,"Geoff Carey via xeno-canto.org (XC731469), https://creativecommons.org/licenses/by-nc-sa/4.0/",pending,v1,,731469,1:18
taxon-motacilla-alba,call,China,,https://xeno-canto.org/731468/download,Geoff Carey,https://creativecommons.org/licenses/by-nc-sa/4.0/,"Geoff Carey via xeno-canto.org (XC731468), https://creativecommons.org/licenses/by-nc-sa/4.0/",pending,v1,,731468,1:25
taxon-motacilla-alba,call,China,,https://xeno-canto.org/731466/download,Geoff Carey,https://creativecommons.org/licenses/by-nc-sa/4.0/,"Geoff Carey via xeno-canto.org (XC731466), https://creativecommons.org/licenses/by-nc-sa/4.0/",pending,v1,,731466,1:34
taxon-motacilla-alba,call,China,,https://xeno-canto.org/731464/download,Geoff Carey,https://creativecommons.org/licenses/by-nc-sa/4.0/,"Geoff Carey via xeno-canto.org (XC731464), https://creativecommons.org/licenses/by-nc-sa/4.0/",pending,v1,,731464,0:05
taxon-motacilla-alba,call,Kazakhstan,,https://xeno-canto.org/731463/download,Geoff Carey,https://creativecommons.org/licenses/by-nc-sa/4.0/,"Geoff Carey via xeno-canto.org (XC731463), https://creativecommons.org/licenses/by-nc-sa/4.0/",pending,v1,,731463,0:44
taxon-motacilla-alba,call,Denmark,,https://xeno-canto.org/722531/download,Jens Kirkeby,https://creativecommons.org/licenses/by-nc-sa/4.0/,"Jens Kirkeby via xeno-canto.org (XC722531), https://creativecommons.org/licenses/by-nc-sa/4.0/",pending,v1,,722531,1:04
taxon-motacilla-alba,call,Denmark,,https://xeno-canto.org/722503/download,Jens Kirkeby,https://creativecommons.org/licenses/by-nc-sa/4.0/,"Jens Kirkeby via xeno-canto.org (XC722503), https://creativecommons.org/licenses/by-nc-sa/4.0/",pending,v1,,722503,1:58
taxon-motacilla-alba,call,Estonia,,https://xeno-canto.org/719638/download,Uku Paal,https://creativecommons.org/licenses/by-nc-sa/4.0/,"Uku Paal via xeno-canto.org (XC719638), https://creativecommons.org/licenses/by-nc-sa/4.0/",pending,v1,,719638,0:18
taxon-motacilla-alba,call,France,,https://xeno-canto.org/697733/download,Olivier SWIFT,https://creativecommons.org/licenses/by-nc-sa/4.0/,"Olivier SWIFT via xeno-canto.org (XC697733), https://creativecommons.org/licenses/by-nc-sa/4.0/",pending,v1,,697733,1:35
taxon-motacilla-alba,call,Sweden,,https://xeno-canto.org/671385/download,Lars Edenius,https://creativecommons.org/licenses/by-nc-sa/4.0/,"Lars Edenius via xeno-canto.org (XC671385), https://creativecommons.org/licenses/by-nc-sa/4.0/",pending,v1,,671385,0:09
taxon-motacilla-alba,call,Sweden,,https://xeno-canto.org/671384/download,Lars Edenius,https://creativecommons.org/licenses/by-nc-sa/4.0/,"Lars Edenius via xeno-canto.org (XC671384), https://creativecommons.org/licenses/by-nc-sa/4.0/",pending,v1,,671384,0:08
taxon-motacilla-alba,call,Austria,,https://xeno-canto.org/664681/download,Leander Khil,https://creativecommons.org/licenses/by-nc-sa/4.0/,"Leander Khil via xeno-canto.org (XC664681), https://creativecommons.org/licenses/by-nc-sa/4.0/",pending,v1,,664681,0:26
taxon-motacilla-alba,call,Germany,,https://xeno-canto.org/659807/download,Micha Luhn,https://creativecommons.org/licenses/by-nc-sa/4.0/,"Micha Luhn via xeno-canto.org (XC659807), https://creativecommons.org/licenses/by-nc-sa/4.0/",pending,v1,,659807,0:54
taxon-motacilla-alba,call,Sweden,,https://xeno-canto.org/659152/download,Thomas Bergman,https://creativecommons.org/licenses/by-nc-sa/4.0/,"Thomas Bergman via xeno-canto.org (XC659152), https://creativecommons.org/licenses/by-nc-sa/4.0/",pending,v1,,659152,1:30
taxon-motacilla-alba,call,Netherlands,,https://xeno-canto.org/657435/download,Susanne Kuijpers,https://creativecommons.org/licenses/by-nc-sa/4.0/,"Susanne Kuijpers via xeno-canto.org (XC657435), https://creativecommons.org/licenses/by-nc-sa/4.0/",pending,v1,,657435,0:19
taxon-motacilla-alba,call,Estonia,,https://xeno-canto.org/656713/download,Uku Paal,https://creativecommons.org/licenses/by-nc-sa/4.0/,"Uku Paal via xeno-canto.org (XC656713), https://creativecommons.org/licenses/by-nc-sa/4.0/",pending,v1,,656713,0:46
taxon-motacilla-alba,call,Estonia,,https://xeno-canto.org/656712/download,Uku Paal,https://creativecommons.org/licenses/by-nc-sa/4.0/,"Uku Paal via xeno-canto.org (XC656712), https://creativecommons.org/licenses/by-nc-sa/4.0/",pending,v1,,656712,0:20
taxon-motacilla-alba,call,Estonia,,https://xeno-canto.org/656710/download,Uku Paal,https://creativecommons.org/licenses/by-nc-sa/4.0/,"Uku Paal via xeno-canto.org (XC656710), https://creativecommons.org/licenses/by-nc-sa/4.0/",pending,v1,,656710,1:20
taxon-motacilla-alba,call,Estonia,,https://xeno-canto.org/656703/download,Uku Paal,https://creativecommons.org/licenses/by-nc-sa/4.0/,"Uku Paal via xeno-canto.org (XC656703), https://creativecommons.org/licenses/by-nc-sa/4.0/",pending,v1,,656703,1:00
taxon-motacilla-alba,call,Estonia,,https://xeno-canto.org/656636/download,Uku Paal,https://creativecommons.org/licenses/by-nc-sa/4.0/,"Uku Paal via xeno-canto.org (XC656636), https://creativecommons.org/licenses/by-nc-sa/4.0/",pending,v1,,656636,0:17
taxon-motacilla-alba,call,Estonia,,https://xeno-canto.org/653244/download,Uku Paal,https://creativecommons.org/licenses/by-nc-sa/4.0/,"Uku Paal via xeno-canto.org (XC653244), https://creativecommons.org/licenses/by-nc-sa/4.0/",pending,v1,,653244,0:32
taxon-motacilla-alba,call,Ireland,,https://xeno-canto.org/648375/download,Irish Wildlife Sounds,https://creativecommons.org/licenses/by-nc-sa/4.0/,"Irish Wildlife Sounds via xeno-canto.org (XC648375), https://creativecommons.org/licenses/by-nc-sa/4.0/",pending,v1,,648375,8:00
taxon-motacilla-alba,call,Sweden,,https://xeno-canto.org/644775/download,Thomas Bergman,https://creativecommons.org/licenses/by-nc-sa/4.0/,"Thomas Bergman via xeno-canto.org (XC644775), https://creativecommons.org/licenses/by-nc-sa/4.0/",pending,v1,,644775,0:33
taxon-motacilla-alba,call,Germany,,https://xeno-canto.org/632990/download,Markus Jacobs,https://creativecommons.org/licenses/by-nc-sa/4.0/,"Markus Jacobs via xeno-canto.org (XC632990), https://creativecommons.org/licenses/by-nc-sa/4.0/",pending,v1,,632990,0:17
taxon-motacilla-alba,call,France,,https://xeno-canto.org/632530/download,Olivier SWIFT,https://creativecommons.org/licenses/by-nc-sa/4.0/,"Olivier SWIFT via xeno-canto.org (XC632530), https://creativecommons.org/licenses/by-nc-sa/4.0/",pending,v1,,632530,1:13
taxon-motacilla-alba,call,Poland,,https://xeno-canto.org/631540/download,Marcin Urbański,https://creativecommons.org/licenses/by-nc-sa/4.0/,"Marcin Urbański via xeno-canto.org (XC631540), https://creativecommons.org/licenses/by-nc-sa/4.0/",pending,v1,,631540,1:36
taxon-motacilla-alba,call,Poland,,https://xeno-canto.org/609238/download,Jarek Matusiak,https://creativecommons.org/licenses/by-nc-sa/4.0/,"Jarek Matusiak via xeno-canto.org (XC609238), https://creativecommons.org/licenses/by-nc-sa/4.0/",pending,v1,,609238,0:55
taxon-motacilla-alba,call,Hungary,,https://xeno-canto.org/608762/download,Jarek Matusiak,https://creativecommons.org/licenses/by-nc-sa/4.0/,"Jarek Matusiak via xeno-canto.org (XC608762), https://creativecommons.org/licenses/by-nc-sa/4.0/",pending,v1,,608762,0:33
taxon-motacilla-alba,call,Poland,,https://xeno-canto.org/606944/download,Jarek Matusiak,https://creativecommons.org/licenses/by-nc-sa/4.0/,"Jarek Matusiak via xeno-canto.org (XC606944), https://creativecommons.org/licenses/by-nc-sa/4.0/",pending,v1,,606944,0:15
taxon-motacilla-alba,call,Poland,,https://xeno-canto.org/606935/download,Jarek Matusiak,https://creativecommons.org/licenses/by-nc-sa/4.0/,"Jarek Matusiak via xeno-canto.org (XC606935), https://creativecommons.org/licenses/by-nc-sa/4.0/",pending,v1,,606935,0:41
taxon-motacilla-alba,call,Estonia,,https://xeno-canto.org/584630/download,Uku Paal,https://creativecommons.org/licenses/by-nc-sa/4.0/,"Uku Paal via xeno-canto.org (XC584630), https://creativecommons.org/licenses/by-nc-sa/4.0/",pending,v1,,584630,0:29
taxon-motacilla-alba,call,Czech Republic,,https://xeno-canto.org/568737/download,Rick Sharloch,https://creativecommons.org/licenses/by-nc-sa/4.0/,"Rick Sharloch via xeno-canto.org (XC568737), https://creativecommons.org/licenses/by-nc-sa/4.0/",pending,v1,,568737,2:38
taxon-motacilla-alba,call,Netherlands,,https://xeno-canto.org/561025/download,Dick de Vos,https://creativecommons.org/licenses/by-nc-sa/4.0/,"Dick de Vos via xeno-canto.org (XC561025), https://creativecommons.org/licenses/by-nc-sa/4.0/",pending,v1,,561025,0:27
taxon-motacilla-alba,call,Poland,,https://xeno-canto.org/554025/download,Jarek Matusiak,https://creativecommons.org/licenses/by-nc-sa/4.0/,"Jarek Matusiak via xeno-canto.org (XC554025), https://creativecommons.org/licenses/by-nc-sa/4.0/",pending,v1,,554025,0:20
taxon-motacilla-alba,call,Poland,,https://xeno-canto.org/554020/download,Jarek Matusiak,https://creativecommons.org/licenses/by-nc-sa/4.0/,"Jarek Matusiak via xeno-canto.org (XC554020), https://creativecommons.org/licenses/by-nc-sa/4.0/",pending,v1,,554020,0:12
taxon-motacilla-alba,call,Poland,,https://xeno-canto.org/554018/download,Jarek Matusiak,https://creativecommons.org/licenses/by-nc-sa/4.0/,"Jarek Matusiak via xeno-canto.org (XC554018), https://creativecommons.org/licenses/by-nc-sa/4.0/",pending,v1,,554018,0:29
taxon-motacilla-alba,call,Poland,,https://xeno-canto.org/554016/download,Jarek Matusiak,https://creativecommons.org/licenses/by-nc-sa/4.0/,"Jarek Matusiak via xeno-canto.org (XC554016), https://creativecommons.org/licenses/by-nc-sa/4.0/",pending,v1,,554016,0:17
taxon-motacilla-alba,call,Poland,,https://xeno-canto.org/554015/download,Jarek Matusiak,https://creativecommons.org/licenses/by-nc-sa/4.0/,"Jarek Matusiak via xeno-canto.org (XC554015), https://creativecommons.org/licenses/by-nc-sa/4.0/",pending,v1,,554015,0:54
taxon-motacilla-alba,call,Japan,,https://xeno-canto.org/506183/download,Amar-Singh HSS,https://creativecommons.org/licenses/by-nc-sa/4.0/,"Amar-Singh HSS via xeno-canto.org (XC506183), https://creativecommons.org/licenses/by-nc-sa/4.0/",pending,v1,,506183,0:31
taxon-motacilla-alba,call,Sweden,,https://xeno-canto.org/495675/download,Lars Edenius,https://creativecommons.org/licenses/by-nc-sa/4.0/,"Lars Edenius via xeno-canto.org (XC495675), https://creativecommons.org/licenses/by-nc-sa/4.0/",pending,v1,,495675,0:26
taxon-motacilla-alba,call,United Kingdom,,https://xeno-canto.org/490335/download,Andrew Harrop,https://creativecommons.org/licenses/by-nc-sa/4.0/,"Andrew Harrop via xeno-canto.org (XC490335), https://creativecommons.org/licenses/by-nc-sa/4.0/",pending,v1,,490335,0:13
taxon-motacilla-alba,call,Morocco,,https://xeno-canto.org/489227/download,Geoffrey Monchaux,https://creativecommons.org/licenses/by-nc-sa/4.0/,"Geoffrey Monchaux via xeno-canto.org (XC489227), https://creativecommons.org/licenses/by-nc-sa/4.0/",pending,v1,,489227,0:14
taxon-motacilla-alba,call,Iceland,,https://xeno-canto.org/487978/download,Stanislas Wroza,https://creativecommons.org/licenses/by-nc-sa/4.0/,"Stanislas Wroza via xeno-canto.org (XC487978), https://creativecommons.org/licenses/by-nc-sa/4.0/",pending,v1,,487978,0:03
taxon-motacilla-alba,call,Iceland,,https://xeno-canto.org/487300/download,Stanislas Wroza,https://creativecommons.org/licenses/by-nc-sa/4.0/,"Stanislas Wroza via xeno-canto.org (XC487300), https://creativecommons.org/licenses/by-nc-sa/4.0/",pending,v1,,487300,0:11
taxon-motacilla-alba,call,Russian Federation,,https://xeno-canto.org/485710/download,Stanislas Wroza,https://creativecommons.org/licenses/by-nc-sa/4.0/,"Stanislas Wroza via xeno-canto.org (XC485710), https://creativecommons.org/licenses/by-nc-sa/4.0/",pending,v1,,485710,0:28
taxon-motacilla-alba,call,Norway,,https://xeno-canto.org/465382/download,Elias A. Ryberg,https://creativecommons.org/licenses/by-nc-sa/4.0/,"Elias A. Ryberg via xeno-canto.org (XC465382), https://creativecommons.org/licenses/by-nc-sa/4.0/",pending,v1,,465382,0:48
taxon-motacilla-alba,call,Iran,,https://xeno-canto.org/405296/download,Patrik Åberg,https://creativecommons.org/licenses/by-nc-sa/4.0/,"Patrik Åberg via xeno-canto.org (XC405296), https://creativecommons.org/licenses/by-nc-sa/4.0/",pending,v1,,405296,0:06
taxon-phalacrocorax-carbo,call,Lithuania,,https://xeno-canto.org/1152644/download,Sunny Tseng,https://creativecommons.org/licenses/by-nc-sa/4.0/,"Sunny Tseng via xeno-canto.org (XC1152644), https://creativecommons.org/licenses/by-nc-sa/4.0/",pending,v1,,1152644,2:45
taxon-phalacrocorax-carbo,call,Lithuania,,https://xeno-canto.org/1152643/download,Sunny Tseng,https://creativecommons.org/licenses/by-nc-sa/4.0/,"Sunny Tseng via xeno-canto.org (XC1152643), https://creativecommons.org/licenses/by-nc-sa/4.0/",pending,v1,,1152643,2:40
taxon-phalacrocorax-carbo,call,Lithuania,,https://xeno-canto.org/1152641/download,Sunny Tseng,https://creativecommons.org/licenses/by-nc-sa/4.0/,"Sunny Tseng via xeno-canto.org (XC1152641), https://creativecommons.org/licenses/by-nc-sa/4.0/",pending,v1,,1152641,1:45
taxon-phalacrocorax-carbo,call,Lithuania,,https://xeno-canto.org/1152639/download,Sunny Tseng,https://creativecommons.org/licenses/by-nc-sa/4.0/,"Sunny Tseng via xeno-canto.org (XC1152639), https://creativecommons.org/licenses/by-nc-sa/4.0/",pending,v1,,1152639,1:15
taxon-phalacrocorax-carbo,call,Lithuania,,https://xeno-canto.org/1152638/download,Sunny Tseng,https://creativecommons.org/licenses/by-nc-sa/4.0/,"Sunny Tseng via xeno-canto.org (XC1152638), https://creativecommons.org/licenses/by-nc-sa/4.0/",pending,v1,,1152638,3:41
taxon-phalacrocorax-carbo,call,Lithuania,,https://xeno-canto.org/1152632/download,Sunny Tseng,https://creativecommons.org/licenses/by-nc-sa/4.0/,"Sunny Tseng via xeno-canto.org (XC1152632), https://creativecommons.org/licenses/by-nc-sa/4.0/",pending,v1,,1152632,3:22
taxon-phalacrocorax-carbo,call,Lithuania,,https://xeno-canto.org/1152631/download,Sunny Tseng,https://creativecommons.org/licenses/by-nc-sa/4.0/,"Sunny Tseng via xeno-canto.org (XC1152631), https://creativecommons.org/licenses/by-nc-sa/4.0/",pending,v1,,1152631,1:03
taxon-phalacrocorax-carbo,call,Lithuania,,https://xeno-canto.org/1152629/download,Sunny Tseng,https://creativecommons.org/licenses/by-nc-sa/4.0/,"Sunny Tseng via xeno-canto.org (XC1152629), https://creativecommons.org/licenses/by-nc-sa/4.0/",pending,v1,,1152629,0:44
taxon-phalacrocorax-carbo,call,Greece,,https://xeno-canto.org/1134926/download,Stanislas Wroza,https://creativecommons.org/licenses/by-nc-sa/4.0/,"Stanislas Wroza via xeno-canto.org (XC1134926), https://creativecommons.org/licenses/by-nc-sa/4.0/",pending,v1,,1134926,0:48
taxon-phalacrocorax-carbo,call,Greece,,https://xeno-canto.org/1134924/download,Stanislas Wroza,https://creativecommons.org/licenses/by-nc-sa/4.0/,"Stanislas Wroza via xeno-canto.org (XC1134924), https://creativecommons.org/licenses/by-nc-sa/4.0/",pending,v1,,1134924,0:19
taxon-phalacrocorax-carbo,call,Denmark,,https://xeno-canto.org/1134074/download,Simon Gillings,https://creativecommons.org/licenses/by-nc-sa/4.0/,"Simon Gillings via xeno-canto.org (XC1134074), https://creativecommons.org/licenses/by-nc-sa/4.0/",pending,v1,,1134074,1:10
taxon-phalacrocorax-carbo,call,China,,https://xeno-canto.org/1099018/download,Bo Shunqi 薄顺奇,https://creativecommons.org/licenses/by-nc-sa/4.0/,"Bo Shunqi 薄顺奇 via xeno-canto.org (XC1099018), https://creativecommons.org/licenses/by-nc-sa/4.0/",pending,v1,,1099018,2:34
taxon-phalacrocorax-carbo,call,Portugal,,https://xeno-canto.org/1087149/download,Jorge Leitão,https://creativecommons.org/licenses/by-nc-sa/4.0/,"Jorge Leitão via xeno-canto.org (XC1087149), https://creativecommons.org/licenses/by-nc-sa/4.0/",pending,v1,,1087149,0:03
taxon-phalacrocorax-carbo,call,United Kingdom,,https://xeno-canto.org/1086555/download,David Darrell-Lambert,https://creativecommons.org/licenses/by-nc-sa/4.0/,"David Darrell-Lambert via xeno-canto.org (XC1086555), https://creativecommons.org/licenses/by-nc-sa/4.0/",pending,v1,,1086555,0:24
taxon-phalacrocorax-carbo,call,United Kingdom,,https://xeno-canto.org/1078738/download,David Darrell-Lambert,https://creativecommons.org/licenses/by-nc-sa/4.0/,"David Darrell-Lambert via xeno-canto.org (XC1078738), https://creativecommons.org/licenses/by-nc-sa/4.0/",pending,v1,,1078738,0:17
taxon-phalacrocorax-carbo,call,Portugal,,https://xeno-canto.org/1076682/download,Jorge Leitão,https://creativecommons.org/licenses/by-nc-sa/4.0/,"Jorge Leitão via xeno-canto.org (XC1076682), https://creativecommons.org/licenses/by-nc-sa/4.0/",pending,v1,,1076682,0:06
taxon-phalacrocorax-carbo,call,Hungary,,https://xeno-canto.org/1074338/download,András Schmidt,https://creativecommons.org/licenses/by-nc-sa/4.0/,"András Schmidt via xeno-canto.org (XC1074338), https://creativecommons.org/licenses/by-nc-sa/4.0/",pending,v1,,1074338,0:47
taxon-phalacrocorax-carbo,call,Hungary,,https://xeno-canto.org/1070120/download,András Schmidt,https://creativecommons.org/licenses/by-nc-sa/4.0/,"András Schmidt via xeno-canto.org (XC1070120), https://creativecommons.org/licenses/by-nc-sa/4.0/",pending,v1,,1070120,0:22
taxon-phalacrocorax-carbo,call,France,,https://xeno-canto.org/1059525/download,Sonothèque ADVL,https://creativecommons.org/publicdomain/zero/1.0/,"Sonothèque ADVL via xeno-canto.org (XC1059525), https://creativecommons.org/publicdomain/zero/1.0/",pending,v1,,1059525,0:33
taxon-phalacrocorax-carbo,call,France,,https://xeno-canto.org/1059498/download,Corentin Rivière,https://creativecommons.org/licenses/by-nc-sa/4.0/,"Corentin Rivière via xeno-canto.org (XC1059498), https://creativecommons.org/licenses/by-nc-sa/4.0/",pending,v1,,1059498,0:35
taxon-phalacrocorax-carbo,call,Switzerland,,https://xeno-canto.org/1007137/download,Dennis Riederer,https://creativecommons.org/licenses/by-nc-sa/4.0/,"Dennis Riederer via xeno-canto.org (XC1007137), https://creativecommons.org/licenses/by-nc-sa/4.0/",pending,v1,,1007137,0:22
taxon-phalacrocorax-carbo,call,United Kingdom,,https://xeno-canto.org/987714/download,David Darrell-Lambert,https://creativecommons.org/licenses/by-nc-sa/4.0/,"David Darrell-Lambert via xeno-canto.org (XC987714), https://creativecommons.org/licenses/by-nc-sa/4.0/",pending,v1,,987714,0:28
taxon-phalacrocorax-carbo,call,United Kingdom,,https://xeno-canto.org/987713/download,David Darrell-Lambert,https://creativecommons.org/licenses/by-nc-sa/4.0/,"David Darrell-Lambert via xeno-canto.org (XC987713), https://creativecommons.org/licenses/by-nc-sa/4.0/",pending,v1,,987713,0:18
taxon-phalacrocorax-carbo,call,Netherlands,,https://xeno-canto.org/981347/download,Pieter Houtekamer,https://creativecommons.org/licenses/by-nc-sa/4.0/,"Pieter Houtekamer via xeno-canto.org (XC981347), https://creativecommons.org/licenses/by-nc-sa/4.0/",pending,v1,,981347,0:05
taxon-phalacrocorax-carbo,call,United Kingdom,,https://xeno-canto.org/972495/download,David Darrell-Lambert,https://creativecommons.org/licenses/by-nc-sa/4.0/,"David Darrell-Lambert via xeno-canto.org (XC972495), https://creativecommons.org/licenses/by-nc-sa/4.0/",pending,v1,,972495,0:10
taxon-phalacrocorax-carbo,call,France,,https://xeno-canto.org/964802/download,Sonothèque ADVL,https://creativecommons.org/publicdomain/zero/1.0/,"Sonothèque ADVL via xeno-canto.org (XC964802), https://creativecommons.org/publicdomain/zero/1.0/",pending,v1,,964802,0:13
taxon-phalacrocorax-carbo,call,Ireland,,https://xeno-canto.org/948759/download,Paul Kelly,https://creativecommons.org/licenses/by-nc-sa/4.0/,"Paul Kelly via xeno-canto.org (XC948759), https://creativecommons.org/licenses/by-nc-sa/4.0/",pending,v1,,948759,0:15
taxon-phalacrocorax-carbo,call,Ireland,,https://xeno-canto.org/948757/download,Paul Kelly,https://creativecommons.org/licenses/by-nc-sa/4.0/,"Paul Kelly via xeno-canto.org (XC948757), https://creativecommons.org/licenses/by-nc-sa/4.0/",pending,v1,,948757,0:12
taxon-phalacrocorax-carbo,call,Ireland,,https://xeno-canto.org/948755/download,Paul Kelly,https://creativecommons.org/licenses/by-nc-sa/4.0/,"Paul Kelly via xeno-canto.org (XC948755), https://creativecommons.org/licenses/by-nc-sa/4.0/",pending,v1,,948755,0:14
taxon-phalacrocorax-carbo,call,United Kingdom,,https://xeno-canto.org/942852/download,Arjun Dutta,https://creativecommons.org/licenses/by-nc-sa/4.0/,"Arjun Dutta via xeno-canto.org (XC942852), https://creativecommons.org/licenses/by-nc-sa/4.0/",pending,v1,,942852,0:08
taxon-phalacrocorax-carbo,call,Spain,,https://xeno-canto.org/930052/download,antonio fontoira,https://creativecommons.org/licenses/by-nc-sa/4.0/,"antonio fontoira via xeno-canto.org (XC930052), https://creativecommons.org/licenses/by-nc-sa/4.0/",pending,v1,,930052,0:46
taxon-phalacrocorax-carbo,call,Belgium,,https://xeno-canto.org/923216/download,Bram Piot,https://creativecommons.org/licenses/by-nc-sa/4.0/,"Bram Piot via xeno-canto.org (XC923216), https://creativecommons.org/licenses/by-nc-sa/4.0/",pending,v1,,923216,1:27
taxon-phalacrocorax-carbo,call,Germany,,https://xeno-canto.org/921160/download,Beatrix Saadi-Varchmin,https://creativecommons.org/licenses/by-nc-sa/4.0/,"Beatrix Saadi-Varchmin via xeno-canto.org (XC921160), https://creativecommons.org/licenses/by-nc-sa/4.0/",pending,v1,,921160,0:37
taxon-phalacrocorax-carbo,call,Lithuania,,https://xeno-canto.org/917938/download,Stephan Risch,https://creativecommons.org/licenses/by-nc-sa/4.0/,"Stephan Risch via xeno-canto.org (XC917938), https://creativecommons.org/licenses/by-nc-sa/4.0/",pending,v1,,917938,0:40
taxon-phalacrocorax-carbo,call,Japan,,https://xeno-canto.org/884129/download,Barry Edmonston,https://creativecommons.org/licenses/by-nc-sa/4.0/,"Barry Edmonston via xeno-canto.org (XC884129), https://creativecommons.org/licenses/by-nc-sa/4.0/",pending,v1,,884129,0:56
taxon-phalacrocorax-carbo,call,Belgium,,https://xeno-canto.org/872141/download,Alain Malengreau,https://creativecommons.org/licenses/by-nc-sa/4.0/,"Alain Malengreau via xeno-canto.org (XC872141), https://creativecommons.org/licenses/by-nc-sa/4.0/",pending,v1,,872141,0:08
taxon-phalacrocorax-carbo,call,France,,https://xeno-canto.org/855171/download,Tristan Guillebot de Nerville,https://creativecommons.org/licenses/by-nc-sa/4.0/,"Tristan Guillebot de Nerville via xeno-canto.org (XC855171), https://creativecommons.org/licenses/by-nc-sa/4.0/",pending,v1,,855171,1:57
taxon-phalacrocorax-carbo,call,Netherlands,,https://xeno-canto.org/841971/download,Jorge Leitão,https://creativecommons.org/licenses/by-nc-sa/4.0/,"Jorge Leitão via xeno-canto.org (XC841971), https://creativecommons.org/licenses/by-nc-sa/4.0/",pending,v1,,841971,0:12
taxon-phalacrocorax-carbo,call,Netherlands,,https://xeno-canto.org/840427/download,Rob van Bemmelen,https://creativecommons.org/licenses/by-nc-sa/4.0/,"Rob van Bemmelen via xeno-canto.org (XC840427), https://creativecommons.org/licenses/by-nc-sa/4.0/",pending,v1,,840427,0:54
taxon-phalacrocorax-carbo,call,Estonia,,https://xeno-canto.org/839104/download,Uku Paal,https://creativecommons.org/licenses/by-nc-sa/4.0/,"Uku Paal via xeno-canto.org (XC839104), https://creativecommons.org/licenses/by-nc-sa/4.0/",pending,v1,,839104,0:07
taxon-phalacrocorax-carbo,call,United Kingdom,,https://xeno-canto.org/832135/download,David Darrell-Lambert,https://creativecommons.org/licenses/by-nc-sa/4.0/,"David Darrell-Lambert via xeno-canto.org (XC832135), https://creativecommons.org/licenses/by-nc-sa/4.0/",pending,v1,,832135,0:32
taxon-phalacrocorax-carbo,call,Italy,,https://xeno-canto.org/814130/download,Francesco Barberini,https://creativecommons.org/licenses/by-nc-sa/4.0/,"Francesco Barberini via xeno-canto.org (XC814130), https://creativecommons.org/licenses/by-nc-sa/4.0/",pending,v1,,814130,2:03
taxon-phalacrocorax-carbo,call,Italy,,https://xeno-canto.org/806437/download,Francesco Barberini,https://creativecommons.org/licenses/by-nc-sa/4.0/,"Francesco Barberini via xeno-canto.org (XC806437), https://creativecommons.org/licenses/by-nc-sa/4.0/",pending,v1,,806437,2:24
taxon-phalacrocorax-carbo,call,United Kingdom,,https://xeno-canto.org/801467/download,David Bissett,https://creativecommons.org/licenses/by-nc-sa/4.0/,"David Bissett via xeno-canto.org (XC801467), https://creativecommons.org/licenses/by-nc-sa/4.0/",pending,v1,,801467,1:14
taxon-phalacrocorax-carbo,call,Italy,,https://xeno-canto.org/801047/download,Francesco Barberini,https://creativecommons.org/licenses/by-nc-sa/4.0/,"Francesco Barberini via xeno-canto.org (XC801047), https://creativecommons.org/licenses/by-nc-sa/4.0/",pending,v1,,801047,0:51
taxon-phalacrocorax-carbo,call,Italy,,https://xeno-canto.org/801046/download,Francesco Barberini,https://creativecommons.org/licenses/by-nc-sa/4.0/,"Francesco Barberini via xeno-canto.org (XC801046), https://creativecommons.org/licenses/by-nc-sa/4.0/",pending,v1,,801046,1:23
taxon-phalacrocorax-carbo,call,Italy,,https://xeno-canto.org/800983/download,Francesco Barberini,https://creativecommons.org/licenses/by-nc-sa/4.0/,"Francesco Barberini via xeno-canto.org (XC800983), https://creativecommons.org/licenses/by-nc-sa/4.0/",pending,v1,,800983,0:33
taxon-phalacrocorax-carbo,call,Spain,,https://xeno-canto.org/778009/download,Jacobo Ramil Millarengo,https://creativecommons.org/licenses/by-nc-sa/4.0/,"Jacobo Ramil Millarengo via xeno-canto.org (XC778009), https://creativecommons.org/licenses/by-nc-sa/4.0/",pending,v1,,778009,1:10
taxon-phalacrocorax-carbo,call,Ireland,,https://xeno-canto.org/776011/download,Paul Kelly,https://creativecommons.org/licenses/by-nc-sa/4.0/,"Paul Kelly via xeno-canto.org (XC776011), https://creativecommons.org/licenses/by-nc-sa/4.0/",pending,v1,,776011,0:07
taxon-phalacrocorax-carbo,call,Ireland,,https://xeno-canto.org/776010/download,Paul Kelly,https://creativecommons.org/licenses/by-nc-sa/4.0/,"Paul Kelly via xeno-canto.org (XC776010), https://creativecommons.org/licenses/by-nc-sa/4.0/",pending,v1,,776010,0:09
taxon-phalacrocorax-carbo,call,Ireland,,https://xeno-canto.org/776009/download,Paul Kelly,https://creativecommons.org/licenses/by-nc-sa/4.0/,"Paul Kelly via xeno-canto.org (XC776009), https://creativecommons.org/licenses/by-nc-sa/4.0/",pending,v1,,776009,0:08
taxon-phalacrocorax-carbo,call,Ireland,,https://xeno-canto.org/776008/download,Paul Kelly,https://creativecommons.org/licenses/by-nc-sa/4.0/,"Paul Kelly via xeno-canto.org (XC776008), https://creativecommons.org/licenses/by-nc-sa/4.0/",pending,v1,,776008,0:12
taxon-phalacrocorax-carbo,call,Spain,,https://xeno-canto.org/771643/download,SonoNatura,https://creativecommons.org/licenses/by-nc-sa/4.0/,"SonoNatura via xeno-canto.org (XC771643), https://creativecommons.org/licenses/by-nc-sa/4.0/",pending,v1,,771643,0:42
taxon-phalacrocorax-carbo,call,Hungary,,https://xeno-canto.org/770245/download,Michel Veldt,https://creativecommons.org/licenses/by-nc-sa/4.0/,"Michel Veldt via xeno-canto.org (XC770245), https://creativecommons.org/licenses/by-nc-sa/4.0/",pending,v1,,770245,0:10
taxon-phalacrocorax-carbo,call,Spain,,https://xeno-canto.org/766574/download,Jacobo Ramil Millarengo,https://creativecommons.org/licenses/by-nc-sa/4.0/,"Jacobo Ramil Millarengo via xeno-canto.org (XC766574), https://creativecommons.org/licenses/by-nc-sa/4.0/",pending,v1,,766574,0:12
taxon-phalacrocorax-carbo,call,Poland,,https://xeno-canto.org/738996/download,Ireneusz Oleksik,https://creativecommons.org/licenses/by-nc-sa/4.0/,"Ireneusz Oleksik via xeno-canto.org (XC738996), https://creativecommons.org/licenses/by-nc-sa/4.0/",pending,v1,,738996,0:58
taxon-phalacrocorax-carbo,call,Portugal,,https://xeno-canto.org/733925/download,Jorge Leitão,https://creativecommons.org/licenses/by-nc-sa/4.0/,"Jorge Leitão via xeno-canto.org (XC733925), https://creativecommons.org/licenses/by-nc-sa/4.0/",pending,v1,,733925,0:05
taxon-phalacrocorax-carbo,call,Netherlands,,https://xeno-canto.org/722335/download,Susanne Kuijpers,https://creativecommons.org/licenses/by-nc-sa/4.0/,"Susanne Kuijpers via xeno-canto.org (XC722335), https://creativecommons.org/licenses/by-nc-sa/4.0/",pending,v1,,722335,0:29
taxon-phalacrocorax-carbo,call,Netherlands,,https://xeno-canto.org/722334/download,Susanne Kuijpers,https://creativecommons.org/licenses/by-nc-sa/4.0/,"Susanne Kuijpers via xeno-canto.org (XC722334), https://creativecommons.org/licenses/by-nc-sa/4.0/",pending,v1,,722334,0:28
taxon-phalacrocorax-carbo,call,China,,https://xeno-canto.org/715841/download,Ray Tsu 诸仁,https://creativecommons.org/licenses/by-nc-sa/4.0/,"Ray Tsu 诸仁 via xeno-canto.org (XC715841), https://creativecommons.org/licenses/by-nc-sa/4.0/",pending,v1,,715841,2:56
taxon-phalacrocorax-carbo,call,China,,https://xeno-canto.org/703758/download,Geoff Carey,https://creativecommons.org/licenses/by-nc-sa/4.0/,"Geoff Carey via xeno-canto.org (XC703758), https://creativecommons.org/licenses/by-nc-sa/4.0/",pending,v1,,703758,2:00
taxon-phalacrocorax-carbo,call,Spain,,https://xeno-canto.org/695588/download,amonmod,https://creativecommons.org/licenses/by-nc/4.0/,"amonmod via xeno-canto.org (XC695588), https://creativecommons.org/licenses/by-nc/4.0/",pending,v1,,695588,0:18
taxon-phalacrocorax-carbo,call,France,,https://xeno-canto.org/692346/download,Stanislas Wroza,https://creativecommons.org/licenses/by-nc-sa/4.0/,"Stanislas Wroza via xeno-canto.org (XC692346), https://creativecommons.org/licenses/by-nc-sa/4.0/",pending,v1,,692346,0:21
taxon-phalacrocorax-carbo,call,Portugal,,https://xeno-canto.org/690083/download,Paulo Alves,https://creativecommons.org/licenses/by-nc-sa/4.0/,"Paulo Alves via xeno-canto.org (XC690083), https://creativecommons.org/licenses/by-nc-sa/4.0/",pending,v1,,690083,0:24
taxon-phalacrocorax-carbo,call,Portugal,,https://xeno-canto.org/690082/download,Paulo Alves,https://creativecommons.org/licenses/by-nc-sa/4.0/,"Paulo Alves via xeno-canto.org (XC690082), https://creativecommons.org/licenses/by-nc-sa/4.0/",pending,v1,,690082,0:08
taxon-phalacrocorax-carbo,call,Netherlands,,https://xeno-canto.org/678796/download,Jorge Leitão,https://creativecommons.org/licenses/by-nc-sa/4.0/,"Jorge Leitão via xeno-canto.org (XC678796), https://creativecommons.org/licenses/by-nc-sa/4.0/",pending,v1,,678796,0:21
taxon-phalacrocorax-carbo,call,Netherlands,,https://xeno-canto.org/678794/download,Jorge Leitão,https://creativecommons.org/licenses/by-nc-sa/4.0/,"Jorge Leitão via xeno-canto.org (XC678794), https://creativecommons.org/licenses/by-nc-sa/4.0/",pending,v1,,678794,0:13
taxon-phalacrocorax-carbo,call,United Kingdom,,https://xeno-canto.org/678228/download,David Bissett,https://creativecommons.org/licenses/by-nc-sa/4.0/,"David Bissett via xeno-canto.org (XC678228), https://creativecommons.org/licenses/by-nc-sa/4.0/",pending,v1,,678228,1:31
taxon-phalacrocorax-carbo,call,France,,https://xeno-canto.org/678110/download,Jack Berteau,https://creativecommons.org/licenses/by-nc-sa/4.0/,"Jack Berteau via xeno-canto.org (XC678110), https://creativecommons.org/licenses/by-nc-sa/4.0/",pending,v1,,678110,0:14
taxon-phalacrocorax-carbo,call,United Kingdom,,https://xeno-canto.org/666599/download,David Bissett,https://creativecommons.org/licenses/by-nc-sa/4.0/,"David Bissett via xeno-canto.org (XC666599), https://creativecommons.org/licenses/by-nc-sa/4.0/",pending,v1,,666599,2:03
taxon-phalacrocorax-carbo,call,Netherlands,,https://xeno-canto.org/650228/download,Maarten Sluijter,https://creativecommons.org/licenses/by-nc-sa/4.0/,"Maarten Sluijter via xeno-canto.org (XC650228), https://creativecommons.org/licenses/by-nc-sa/4.0/",pending,v1,,650228,1:39
taxon-phalacrocorax-carbo,call,Poland,,https://xeno-canto.org/622701/download,Jarek Matusiak,https://creativecommons.org/licenses/by-nc-sa/4.0/,"Jarek Matusiak via xeno-canto.org (XC622701), https://creativecommons.org/licenses/by-nc-sa/4.0/",pending,v1,,622701,0:03
taxon-phalacrocorax-carbo,call,Poland,,https://xeno-canto.org/622292/download,Jarek Matusiak,https://creativecommons.org/licenses/by-nc-sa/4.0/,"Jarek Matusiak via xeno-canto.org (XC622292), https://creativecommons.org/licenses/by-nc-sa/4.0/",pending,v1,,622292,0:04
taxon-phalacrocorax-carbo,call,Poland,,https://xeno-canto.org/622282/download,Jarek Matusiak,https://creativecommons.org/licenses/by-nc-sa/4.0/,"Jarek Matusiak via xeno-canto.org (XC622282), https://creativecommons.org/licenses/by-nc-sa/4.0/",pending,v1,,622282,1:07
taxon-phalacrocorax-carbo,call,Poland,,https://xeno-canto.org/622278/download,Jarek Matusiak,https://creativecommons.org/licenses/by-nc-sa/4.0/,"Jarek Matusiak via xeno-canto.org (XC622278), https://creativecommons.org/licenses/by-nc-sa/4.0/",pending,v1,,622278,0:30
taxon-phalacrocorax-carbo,call,Poland,,https://xeno-canto.org/622277/download,Jarek Matusiak,https://creativecommons.org/licenses/by-nc-sa/4.0/,"Jarek Matusiak via xeno-canto.org (XC622277), https://creativecommons.org/licenses/by-nc-sa/4.0/",pending,v1,,622277,0:06
taxon-phalacrocorax-carbo,call,Poland,,https://xeno-canto.org/622276/download,Jarek Matusiak,https://creativecommons.org/licenses/by-nc-sa/4.0/,"Jarek Matusiak via xeno-canto.org (XC622276), https://creativecommons.org/licenses/by-nc-sa/4.0/",pending,v1,,622276,0:14
taxon-phalacrocorax-carbo,call,Poland,,https://xeno-canto.org/622275/download,Jarek Matusiak,https://creativecommons.org/licenses/by-nc-sa/4.0/,"Jarek Matusiak via xeno-canto.org (XC622275), https://creativecommons.org/licenses/by-nc-sa/4.0/",pending,v1,,622275,0:14
taxon-phalacrocorax-carbo,call,Poland,,https://xeno-canto.org/622274/download,Jarek Matusiak,https://creativecommons.org/licenses/by-nc-sa/4.0/,"Jarek Matusiak via xeno-canto.org (XC622274), https://creativecommons.org/licenses/by-nc-sa/4.0/",pending,v1,,622274,0:21
taxon-phalacrocorax-carbo,call,Germany,,https://xeno-canto.org/616100/download,Micha Luhn,https://creativecommons.org/licenses/by-nc-sa/4.0/,"Micha Luhn via xeno-canto.org (XC616100), https://creativecommons.org/licenses/by-nc-sa/4.0/",pending,v1,,616100,0:16
taxon-phalacrocorax-carbo,call,Estonia,,https://xeno-canto.org/600235/download,Uku Paal,https://creativecommons.org/licenses/by-nc-sa/4.0/,"Uku Paal via xeno-canto.org (XC600235), https://creativecommons.org/licenses/by-nc-sa/4.0/",pending,v1,,600235,0:25
taxon-phalacrocorax-carbo,call,Germany,,https://xeno-canto.org/578261/download,brickegickel,https://creativecommons.org/licenses/by-nc-sa/4.0/,"brickegickel via xeno-canto.org (XC578261), https://creativecommons.org/licenses/by-nc-sa/4.0/",pending,v1,,578261,1:33
taxon-phalacrocorax-carbo,call,Belgium,,https://xeno-canto.org/547178/download,Alain Malengreau,https://creativecommons.org/licenses/by-nc-sa/4.0/,"Alain Malengreau via xeno-canto.org (XC547178), https://creativecommons.org/licenses/by-nc-sa/4.0/",pending,v1,,547178,0:04
taxon-phalacrocorax-carbo,call,Spain,,https://xeno-canto.org/522801/download,Sean Ronayne,https://creativecommons.org/licenses/by-nc-sa/4.0/,"Sean Ronayne via xeno-canto.org (XC522801), https://creativecommons.org/licenses/by-nc-sa/4.0/",pending,v1,,522801,1:10
taxon-cyanopica-cyanus,call,China,,https://xeno-canto.org/1101780/download,Bo Shunqi 薄顺奇,https://creativecommons.org/licenses/by-nc-sa/4.0/,"Bo Shunqi 薄顺奇 via xeno-canto.org (XC1101780), https://creativecommons.org/licenses/by-nc-sa/4.0/",pending,v1,,1101780,0:22
taxon-cyanopica-cyanus,call,Mongolia,,https://xeno-canto.org/1027016/download,Richard E. Webster,https://creativecommons.org/licenses/by-nc-sa/4.0/,"Richard E. Webster via xeno-canto.org (XC1027016), https://creativecommons.org/licenses/by-nc-sa/4.0/",pending,v1,,1027016,1:44
taxon-cyanopica-cyanus,call,China,,https://xeno-canto.org/1016673/download,wu555,https://creativecommons.org/licenses/by-nc-sa/4.0/,"wu555 via xeno-canto.org (XC1016673), https://creativecommons.org/licenses/by-nc-sa/4.0/",pending,v1,,1016673,1:09
taxon-cyanopica-cyanus,call,China,,https://xeno-canto.org/1016672/download,wu555,https://creativecommons.org/licenses/by-nc-sa/4.0/,"wu555 via xeno-canto.org (XC1016672), https://creativecommons.org/licenses/by-nc-sa/4.0/",pending,v1,,1016672,0:30
taxon-cyanopica-cyanus,call,China,,https://xeno-canto.org/1016671/download,wu555,https://creativecommons.org/licenses/by-nc-sa/4.0/,"wu555 via xeno-canto.org (XC1016671), https://creativecommons.org/licenses/by-nc-sa/4.0/",pending,v1,,1016671,0:59
taxon-cyanopica-cyanus,call,China,,https://xeno-canto.org/1015938/download,Dave Guo,https://creativecommons.org/licenses/by-nc-sa/4.0/,"Dave Guo via xeno-canto.org (XC1015938), https://creativecommons.org/licenses/by-nc-sa/4.0/",pending,v1,,1015938,0:13
taxon-cyanopica-cyanus,call,China,,https://xeno-canto.org/995844/download,Bo Shunqi 薄顺奇,https://creativecommons.org/licenses/by-nc-sa/4.0/,"Bo Shunqi 薄顺奇 via xeno-canto.org (XC995844), https://creativecommons.org/licenses/by-nc-sa/4.0/",pending,v1,,995844,1:05
taxon-cyanopica-cyanus,call,China,,https://xeno-canto.org/995843/download,Bo Shunqi 薄顺奇,https://creativecommons.org/licenses/by-nc-sa/4.0/,"Bo Shunqi 薄顺奇 via xeno-canto.org (XC995843), https://creativecommons.org/licenses/by-nc-sa/4.0/",pending,v1,,995843,0:53
taxon-cyanopica-cyanus,call,China,,https://xeno-canto.org/971204/download,Lucas-Chen,https://creativecommons.org/licenses/by-nc-sa/4.0/,"Lucas-Chen via xeno-canto.org (XC971204), https://creativecommons.org/licenses/by-nc-sa/4.0/",pending,v1,,971204,0:05
taxon-cyanopica-cyanus,call,China,,https://xeno-canto.org/962879/download,Dave GUO,https://creativecommons.org/licenses/by-nc-sa/4.0/,"Dave GUO via xeno-canto.org (XC962879), https://creativecommons.org/licenses/by-nc-sa/4.0/",pending,v1,,962879,0:08
taxon-cyanopica-cyanus,call,China,,https://xeno-canto.org/911230/download,Bo Shunqi薄顺奇,https://creativecommons.org/licenses/by-nc-sa/4.0/,"Bo Shunqi薄顺奇 via xeno-canto.org (XC911230), https://creativecommons.org/licenses/by-nc-sa/4.0/",pending,v1,,911230,1:35
taxon-cyanopica-cyanus,call,China,,https://xeno-canto.org/911228/download,Bo Shunqi薄顺奇,https://creativecommons.org/licenses/by-nc-sa/4.0/,"Bo Shunqi薄顺奇 via xeno-canto.org (XC911228), https://creativecommons.org/licenses/by-nc-sa/4.0/",pending,v1,,911228,0:45
taxon-cyanopica-cyanus,call,China,,https://xeno-canto.org/906845/download,Dave GUO,https://creativecommons.org/licenses/by-nc-sa/4.0/,"Dave GUO via xeno-canto.org (XC906845), https://creativecommons.org/licenses/by-nc-sa/4.0/",pending,v1,,906845,0:15
taxon-cyanopica-cyanus,call,Taiwan,,https://xeno-canto.org/898622/download,Chi-Hsuan Shao,https://creativecommons.org/licenses/by-nc-sa/4.0/,"Chi-Hsuan Shao via xeno-canto.org (XC898622), https://creativecommons.org/licenses/by-nc-sa/4.0/",pending,v1,,898622,0:47
taxon-cyanopica-cyanus,call,China,,https://xeno-canto.org/878091/download,JasonFu,https://creativecommons.org/licenses/by-nc-sa/4.0/,"JasonFu via xeno-canto.org (XC878091), https://creativecommons.org/licenses/by-nc-sa/4.0/",pending,v1,,878091,0:17
taxon-cyanopica-cyanus,call,China,,https://xeno-canto.org/842208/download,Bo Shunqi 薄顺奇,https://creativecommons.org/licenses/by-nc-sa/4.0/,"Bo Shunqi 薄顺奇 via xeno-canto.org (XC842208), https://creativecommons.org/licenses/by-nc-sa/4.0/",pending,v1,,842208,0:32
taxon-cyanopica-cyanus,call,China,,https://xeno-canto.org/841273/download,Bo Shunqi 薄顺奇,https://creativecommons.org/licenses/by-nc-sa/4.0/,"Bo Shunqi 薄顺奇 via xeno-canto.org (XC841273), https://creativecommons.org/licenses/by-nc-sa/4.0/",pending,v1,,841273,6:59
taxon-cyanopica-cyanus,call,China,,https://xeno-canto.org/841272/download,Bo Shunqi 薄顺奇,https://creativecommons.org/licenses/by-nc-sa/4.0/,"Bo Shunqi 薄顺奇 via xeno-canto.org (XC841272), https://creativecommons.org/licenses/by-nc-sa/4.0/",pending,v1,,841272,1:38
taxon-cyanopica-cyanus,call,China,,https://xeno-canto.org/841258/download,Bo Shunqi 薄顺奇,https://creativecommons.org/licenses/by-nc-sa/4.0/,"Bo Shunqi 薄顺奇 via xeno-canto.org (XC841258), https://creativecommons.org/licenses/by-nc-sa/4.0/",pending,v1,,841258,3:01
taxon-cyanopica-cyanus,call,Mongolia,,https://xeno-canto.org/832366/download,Martin Billard,https://creativecommons.org/licenses/by-nc-sa/4.0/,"Martin Billard via xeno-canto.org (XC832366), https://creativecommons.org/licenses/by-nc-sa/4.0/",pending,v1,,832366,0:14
taxon-cyanopica-cyanus,call,China,,https://xeno-canto.org/824049/download,Bo Shunqi 薄顺奇,https://creativecommons.org/licenses/by-nc-sa/4.0/,"Bo Shunqi 薄顺奇 via xeno-canto.org (XC824049), https://creativecommons.org/licenses/by-nc-sa/4.0/",pending,v1,,824049,1:29
taxon-cyanopica-cyanus,call,China,,https://xeno-canto.org/820039/download,Geoff Carey,https://creativecommons.org/licenses/by-nc-sa/4.0/,"Geoff Carey via xeno-canto.org (XC820039), https://creativecommons.org/licenses/by-nc-sa/4.0/",pending,v1,,820039,0:40
taxon-cyanopica-cyanus,call,China,,https://xeno-canto.org/820038/download,Geoff Carey,https://creativecommons.org/licenses/by-nc-sa/4.0/,"Geoff Carey via xeno-canto.org (XC820038), https://creativecommons.org/licenses/by-nc-sa/4.0/",pending,v1,,820038,0:15
taxon-cyanopica-cyanus,call,China,,https://xeno-canto.org/820036/download,Geoff Carey,https://creativecommons.org/licenses/by-nc-sa/4.0/,"Geoff Carey via xeno-canto.org (XC820036), https://creativecommons.org/licenses/by-nc-sa/4.0/",pending,v1,,820036,2:33
taxon-cyanopica-cyanus,call,China,,https://xeno-canto.org/820035/download,Geoff Carey,https://creativecommons.org/licenses/by-nc-sa/4.0/,"Geoff Carey via xeno-canto.org (XC820035), https://creativecommons.org/licenses/by-nc-sa/4.0/",pending,v1,,820035,0:59
taxon-cyanopica-cyanus,call,China,,https://xeno-canto.org/820034/download,Geoff Carey,https://creativecommons.org/licenses/by-nc-sa/4.0/,"Geoff Carey via xeno-canto.org (XC820034), https://creativecommons.org/licenses/by-nc-sa/4.0/",pending,v1,,820034,1:01
taxon-cyanopica-cyanus,call,China,,https://xeno-canto.org/790263/download,Oriental Stork,https://creativecommons.org/licenses/by-nc-sa/4.0/,"Oriental Stork via xeno-canto.org (XC790263), https://creativecommons.org/licenses/by-nc-sa/4.0/",pending,v1,,790263,0:20
taxon-cyanopica-cyanus,call,China,,https://xeno-canto.org/790261/download,Oriental Stork,https://creativecommons.org/licenses/by-nc-sa/4.0/,"Oriental Stork via xeno-canto.org (XC790261), https://creativecommons.org/licenses/by-nc-sa/4.0/",pending,v1,,790261,0:52
taxon-cyanopica-cyanus,call,China,,https://xeno-canto.org/790250/download,Oriental Stork,https://creativecommons.org/licenses/by-nc-sa/4.0/,"Oriental Stork via xeno-canto.org (XC790250), https://creativecommons.org/licenses/by-nc-sa/4.0/",pending,v1,,790250,0:16
taxon-cyanopica-cyanus,call,Mongolia,,https://xeno-canto.org/766305/download,Stanislas Wroza,https://creativecommons.org/licenses/by-nc-sa/4.0/,"Stanislas Wroza via xeno-canto.org (XC766305), https://creativecommons.org/licenses/by-nc-sa/4.0/",pending,v1,,766305,0:16
taxon-cyanopica-cyanus,call,China,,https://xeno-canto.org/762197/download,Bo Shunqi,https://creativecommons.org/licenses/by-nc-sa/4.0/,"Bo Shunqi via xeno-canto.org (XC762197), https://creativecommons.org/licenses/by-nc-sa/4.0/",pending,v1,,762197,1:01
taxon-cyanopica-cyanus,call,China,,https://xeno-canto.org/746687/download,Ray Tsu 诸仁,https://creativecommons.org/licenses/by-nc-sa/4.0/,"Ray Tsu 诸仁 via xeno-canto.org (XC746687), https://creativecommons.org/licenses/by-nc-sa/4.0/",pending,v1,,746687,0:13
taxon-cyanopica-cyanus,call,China,,https://xeno-canto.org/737399/download,Oriental Stork,https://creativecommons.org/licenses/by-nc-sa/4.0/,"Oriental Stork via xeno-canto.org (XC737399), https://creativecommons.org/licenses/by-nc-sa/4.0/",pending,v1,,737399,0:12
taxon-cyanopica-cyanus,call,China,,https://xeno-canto.org/737398/download,Oriental Stork,https://creativecommons.org/licenses/by-nc-sa/4.0/,"Oriental Stork via xeno-canto.org (XC737398), https://creativecommons.org/licenses/by-nc-sa/4.0/",pending,v1,,737398,0:43
taxon-cyanopica-cyanus,call,China,,https://xeno-canto.org/737396/download,Oriental Stork,https://creativecommons.org/licenses/by-nc-sa/4.0/,"Oriental Stork via xeno-canto.org (XC737396), https://creativecommons.org/licenses/by-nc-sa/4.0/",pending,v1,,737396,1:20
taxon-cyanopica-cyanus,call,China,,https://xeno-canto.org/730972/download,Tiantian Zhao 赵天天,https://creativecommons.org/licenses/by-nc-sa/4.0/,"Tiantian Zhao 赵天天 via xeno-canto.org (XC730972), https://creativecommons.org/licenses/by-nc-sa/4.0/",pending,v1,,730972,0:17
taxon-cyanopica-cyanus,call,China,,https://xeno-canto.org/729860/download,Tiantian Zhao 赵天天,https://creativecommons.org/licenses/by-nc-sa/4.0/,"Tiantian Zhao 赵天天 via xeno-canto.org (XC729860), https://creativecommons.org/licenses/by-nc-sa/4.0/",pending,v1,,729860,0:10
taxon-cyanopica-cyanus,call,China,,https://xeno-canto.org/729844/download,Tiantian Zhao 赵天天,https://creativecommons.org/licenses/by-nc-sa/4.0/,"Tiantian Zhao 赵天天 via xeno-canto.org (XC729844), https://creativecommons.org/licenses/by-nc-sa/4.0/",pending,v1,,729844,0:08
taxon-cyanopica-cyanus,call,China,,https://xeno-canto.org/724422/download,Bo Shunqi,https://creativecommons.org/licenses/by-nc-sa/4.0/,"Bo Shunqi via xeno-canto.org (XC724422), https://creativecommons.org/licenses/by-nc-sa/4.0/",pending,v1,,724422,0:20
taxon-cyanopica-cyanus,call,China,,https://xeno-canto.org/722530/download,Tiantian Zhao 赵天天,https://creativecommons.org/licenses/by-nc-sa/4.0/,"Tiantian Zhao 赵天天 via xeno-canto.org (XC722530), https://creativecommons.org/licenses/by-nc-sa/4.0/",pending,v1,,722530,0:15
taxon-cyanopica-cyanus,call,China,,https://xeno-canto.org/720254/download,Tiantian Zhao 赵天天,https://creativecommons.org/licenses/by-nc-sa/4.0/,"Tiantian Zhao 赵天天 via xeno-canto.org (XC720254), https://creativecommons.org/licenses/by-nc-sa/4.0/",pending,v1,,720254,0:09
taxon-cyanopica-cyanus,call,China,,https://xeno-canto.org/720180/download,Bo Shunqi,https://creativecommons.org/licenses/by-nc-sa/4.0/,"Bo Shunqi via xeno-canto.org (XC720180), https://creativecommons.org/licenses/by-nc-sa/4.0/",pending,v1,,720180,0:15
taxon-cyanopica-cyanus,call,China,,https://xeno-canto.org/716117/download,Ray Tsu 诸仁,https://creativecommons.org/licenses/by-nc-sa/4.0/,"Ray Tsu 诸仁 via xeno-canto.org (XC716117), https://creativecommons.org/licenses/by-nc-sa/4.0/",pending,v1,,716117,1:11
taxon-cyanopica-cyanus,call,Mongolia,,https://xeno-canto.org/483670/download,Phil Gregory,https://creativecommons.org/licenses/by-nc-sa/4.0/,"Phil Gregory via xeno-canto.org (XC483670), https://creativecommons.org/licenses/by-nc-sa/4.0/",pending,v1,,483670,1:06
taxon-cyanopica-cyanus,call,Mongolia,,https://xeno-canto.org/483669/download,Phil Gregory,https://creativecommons.org/licenses/by-nc-sa/4.0/,"Phil Gregory via xeno-canto.org (XC483669), https://creativecommons.org/licenses/by-nc-sa/4.0/",pending,v1,,483669,0:44
taxon-cyanopica-cyanus,call,Russian Federation,,https://xeno-canto.org/449698/download,Vadim Ivushkin ,https://creativecommons.org/licenses/by-nc-sa/4.0/,"Vadim Ivushkin  via xeno-canto.org (XC449698), https://creativecommons.org/licenses/by-nc-sa/4.0/",pending,v1,,449698,1:09
taxon-cyanopica-cyanus,call,Russian Federation,,https://xeno-canto.org/339237/download,Tom Wulf,https://creativecommons.org/licenses/by-nc-sa/4.0/,"Tom Wulf via xeno-canto.org (XC339237), https://creativecommons.org/licenses/by-nc-sa/4.0/",pending,v1,,339237,0:37
taxon-cyanopica-cyanus,call,South Korea,,https://xeno-canto.org/194687/download,Ross Gallardy,https://creativecommons.org/licenses/by-nc-sa/4.0/,"Ross Gallardy via xeno-canto.org (XC194687), https://creativecommons.org/licenses/by-nc-sa/4.0/",pending,v1,,194687,1:18
taxon-cyanopica-cyanus,call,South Korea,,https://xeno-canto.org/194686/download,Ross Gallardy,https://creativecommons.org/licenses/by-nc-sa/4.0/,"Ross Gallardy via xeno-canto.org (XC194686), https://creativecommons.org/licenses/by-nc-sa/4.0/",pending,v1,,194686,0:05
taxon-cyanopica-cyanus,call,South Korea,,https://xeno-canto.org/194379/download,Ross Gallardy,https://creativecommons.org/licenses/by-nc-sa/4.0/,"Ross Gallardy via xeno-canto.org (XC194379), https://creativecommons.org/licenses/by-nc-sa/4.0/",pending,v1,,194379,0:09
taxon-cyanopica-cyanus,call,China,,https://xeno-canto.org/188476/download,Niall Perrins,https://creativecommons.org/licenses/by-nc-sa/4.0/,"Niall Perrins via xeno-canto.org (XC188476), https://creativecommons.org/licenses/by-nc-sa/4.0/",pending,v1,,188476,0:40
taxon-cyanopica-cyanus,call,China,,https://xeno-canto.org/1015907/download,Dave Guo,https://creativecommons.org/licenses/by-nc-sa/4.0/,"Dave Guo via xeno-canto.org (XC1015907), https://creativecommons.org/licenses/by-nc-sa/4.0/",pending,v1,,1015907,0:24
taxon-cyanopica-cyanus,call,China,,https://xeno-canto.org/995845/download,Bo Shunqi 薄顺奇,https://creativecommons.org/licenses/by-nc-sa/4.0/,"Bo Shunqi 薄顺奇 via xeno-canto.org (XC995845), https://creativecommons.org/licenses/by-nc-sa/4.0/",pending,v1,,995845,1:26
taxon-cyanopica-cyanus,call,China,,https://xeno-canto.org/961412/download,Lucas-Chen,https://creativecommons.org/licenses/by-nc-sa/4.0/,"Lucas-Chen via xeno-canto.org (XC961412), https://creativecommons.org/licenses/by-nc-sa/4.0/",pending,v1,,961412,0:10
taxon-cyanopica-cyanus,call,China,,https://xeno-canto.org/950272/download,Shuangqi Liu,https://creativecommons.org/licenses/by-nc-sa/4.0/,"Shuangqi Liu via xeno-canto.org (XC950272), https://creativecommons.org/licenses/by-nc-sa/4.0/",pending,v1,,950272,0:40
taxon-cyanopica-cyanus,call,China,,https://xeno-canto.org/911386/download,Bo Shunqi薄顺奇,https://creativecommons.org/licenses/by-nc-sa/4.0/,"Bo Shunqi薄顺奇 via xeno-canto.org (XC911386), https://creativecommons.org/licenses/by-nc-sa/4.0/",pending,v1,,911386,0:22
taxon-cyanopica-cyanus,call,China,,https://xeno-canto.org/896104/download,Ray Tsu 诸仁,https://creativecommons.org/licenses/by-nc-sa/4.0/,"Ray Tsu 诸仁 via xeno-canto.org (XC896104), https://creativecommons.org/licenses/by-nc-sa/4.0/",pending,v1,,896104,0:47
taxon-cyanopica-cyanus,call,China,,https://xeno-canto.org/892209/download,Bo Shunqi薄顺奇,https://creativecommons.org/licenses/by-nc-sa/4.0/,"Bo Shunqi薄顺奇 via xeno-canto.org (XC892209), https://creativecommons.org/licenses/by-nc-sa/4.0/",pending,v1,,892209,4:35
taxon-cyanopica-cyanus,call,China,,https://xeno-canto.org/840528/download,Bo Shunqi 薄顺奇,https://creativecommons.org/licenses/by-nc-sa/4.0/,"Bo Shunqi 薄顺奇 via xeno-canto.org (XC840528), https://creativecommons.org/licenses/by-nc-sa/4.0/",pending,v1,,840528,1:08
taxon-cyanopica-cyanus,call,China,,https://xeno-canto.org/820037/download,Geoff Carey,https://creativecommons.org/licenses/by-nc-sa/4.0/,"Geoff Carey via xeno-canto.org (XC820037), https://creativecommons.org/licenses/by-nc-sa/4.0/",pending,v1,,820037,1:10
taxon-cyanopica-cyanus,call,Japan,,https://xeno-canto.org/818112/download,Kim Chuah Lim,https://creativecommons.org/licenses/by-nc-sa/4.0/,"Kim Chuah Lim via xeno-canto.org (XC818112), https://creativecommons.org/licenses/by-nc-sa/4.0/",pending,v1,,818112,0:23
taxon-cyanopica-cyanus,call,China,,https://xeno-canto.org/790258/download,Oriental Stork,https://creativecommons.org/licenses/by-nc-sa/4.0/,"Oriental Stork via xeno-canto.org (XC790258), https://creativecommons.org/licenses/by-nc-sa/4.0/",pending,v1,,790258,0:28
taxon-cyanopica-cyanus,call,China,,https://xeno-canto.org/790248/download,Oriental Stork,https://creativecommons.org/licenses/by-nc-sa/4.0/,"Oriental Stork via xeno-canto.org (XC790248), https://creativecommons.org/licenses/by-nc-sa/4.0/",pending,v1,,790248,0:16
taxon-cyanopica-cyanus,call,China,,https://xeno-canto.org/788759/download,Bo Shunqi,https://creativecommons.org/licenses/by-nc-sa/4.0/,"Bo Shunqi via xeno-canto.org (XC788759), https://creativecommons.org/licenses/by-nc-sa/4.0/",pending,v1,,788759,1:25
taxon-cyanopica-cyanus,call,China,,https://xeno-canto.org/780149/download,Ray Tsu 诸仁,https://creativecommons.org/licenses/by-nc-sa/4.0/,"Ray Tsu 诸仁 via xeno-canto.org (XC780149), https://creativecommons.org/licenses/by-nc-sa/4.0/",pending,v1,,780149,0:17
taxon-cyanopica-cyanus,call,Mongolia,,https://xeno-canto.org/766304/download,Stanislas Wroza,https://creativecommons.org/licenses/by-nc-sa/4.0/,"Stanislas Wroza via xeno-canto.org (XC766304), https://creativecommons.org/licenses/by-nc-sa/4.0/",pending,v1,,766304,0:35
taxon-cyanopica-cyanus,call,China,,https://xeno-canto.org/741713/download,Common Jeff（麻杰夫）,https://creativecommons.org/licenses/by-nc-sa/4.0/,"Common Jeff（麻杰夫） via xeno-canto.org (XC741713), https://creativecommons.org/licenses/by-nc-sa/4.0/",pending,v1,,741713,2:06
taxon-cyanopica-cyanus,call,China,,https://xeno-canto.org/737397/download,Oriental Stork,https://creativecommons.org/licenses/by-nc-sa/4.0/,"Oriental Stork via xeno-canto.org (XC737397), https://creativecommons.org/licenses/by-nc-sa/4.0/",pending,v1,,737397,1:20
taxon-cyanopica-cyanus,call,China,,https://xeno-canto.org/733333/download,Common Jeff（麻杰夫）,https://creativecommons.org/licenses/by-nc-sa/4.0/,"Common Jeff（麻杰夫） via xeno-canto.org (XC733333), https://creativecommons.org/licenses/by-nc-sa/4.0/",pending,v1,,733333,0:23
taxon-cyanopica-cyanus,call,China,,https://xeno-canto.org/712021/download,Ray Tsu 诸仁,https://creativecommons.org/licenses/by-nc-sa/4.0/,"Ray Tsu 诸仁 via xeno-canto.org (XC712021), https://creativecommons.org/licenses/by-nc-sa/4.0/",pending,v1,,712021,0:26
taxon-cyanopica-cyanus,call,Mongolia,,https://xeno-canto.org/692234/download,Altangerel,https://creativecommons.org/licenses/by-nc-sa/4.0/,"Altangerel via xeno-canto.org (XC692234), https://creativecommons.org/licenses/by-nc-sa/4.0/",pending,v1,,692234,0:05
taxon-cyanopica-cyanus,call,China,,https://xeno-canto.org/682046/download,Common Jeff（麻杰夫）,https://creativecommons.org/licenses/by-nc-sa/4.0/,"Common Jeff（麻杰夫） via xeno-canto.org (XC682046), https://creativecommons.org/licenses/by-nc-sa/4.0/",pending,v1,,682046,0:33
taxon-cyanopica-cyanus,call,China,,https://xeno-canto.org/682044/download,Common Jeff（麻杰夫）,https://creativecommons.org/licenses/by-nc-sa/4.0/,"Common Jeff（麻杰夫） via xeno-canto.org (XC682044), https://creativecommons.org/licenses/by-nc-sa/4.0/",pending,v1,,682044,0:11
taxon-cyanopica-cyanus,call,Japan,,https://xeno-canto.org/465141/download,Aladdin,https://creativecommons.org/licenses/by-nc-sa/4.0/,"Aladdin via xeno-canto.org (XC465141), https://creativecommons.org/licenses/by-nc-sa/4.0/",pending,v1,,465141,0:51
taxon-cyanopica-cyanus,call,South Korea,,https://xeno-canto.org/464622/download,Martin Sutherland,https://creativecommons.org/licenses/by-nc-sa/4.0/,"Martin Sutherland via xeno-canto.org (XC464622), https://creativecommons.org/licenses/by-nc-sa/4.0/",pending,v1,,464622,1:57
taxon-cyanopica-cyanus,call,Russian Federation,,https://xeno-canto.org/449700/download,Vadim Ivushkin ,https://creativecommons.org/licenses/by-nc-sa/4.0/,"Vadim Ivushkin  via xeno-canto.org (XC449700), https://creativecommons.org/licenses/by-nc-sa/4.0/",pending,v1,,449700,0:11
taxon-cyanopica-cyanus,call,China,,https://xeno-canto.org/412643/download,Kevin Cheng,https://creativecommons.org/licenses/by-nc-sa/4.0/,"Kevin Cheng via xeno-canto.org (XC412643), https://creativecommons.org/licenses/by-nc-sa/4.0/",pending,v1,,412643,0:15
taxon-cyanopica-cyanus,call,Russian Federation,,https://xeno-canto.org/339411/download,Tom Wulf,https://creativecommons.org/licenses/by-nc-sa/4.0/,"Tom Wulf via xeno-canto.org (XC339411), https://creativecommons.org/licenses/by-nc-sa/4.0/",pending,v1,,339411,0:35
taxon-cyanopica-cyanus,call,Russian Federation,,https://xeno-canto.org/339381/download,Tom Wulf,https://creativecommons.org/licenses/by-nc-sa/4.0/,"Tom Wulf via xeno-canto.org (XC339381), https://creativecommons.org/licenses/by-nc-sa/4.0/",pending,v1,,339381,0:13
taxon-cyanopica-cyanus,call,Russian Federation,,https://xeno-canto.org/339213/download,Tom Wulf,https://creativecommons.org/licenses/by-nc-sa/4.0/,"Tom Wulf via xeno-canto.org (XC339213), https://creativecommons.org/licenses/by-nc-sa/4.0/",pending,v1,,339213,0:17
taxon-cyanopica-cyanus,call,South Korea,,https://xeno-canto.org/206715/download,Nicholas Allen,https://creativecommons.org/licenses/by-nc-sa/4.0/,"Nicholas Allen via xeno-canto.org (XC206715), https://creativecommons.org/licenses/by-nc-sa/4.0/",pending,v1,,206715,0:09
taxon-cyanopica-cyanus,call,South Korea,,https://xeno-canto.org/194685/download,Ross Gallardy,https://creativecommons.org/licenses/by-nc-sa/4.0/,"Ross Gallardy via xeno-canto.org (XC194685), https://creativecommons.org/licenses/by-nc-sa/4.0/",pending,v1,,194685,0:35
taxon-cyanopica-cyanus,call,South Korea,,https://xeno-canto.org/176438/download,Stuart Fisher,https://creativecommons.org/licenses/by-nc-sa/4.0/,"Stuart Fisher via xeno-canto.org (XC176438), https://creativecommons.org/licenses/by-nc-sa/4.0/",pending,v1,,176438,0:44
taxon-cyanopica-cyanus,call,South Korea,,https://xeno-canto.org/175812/download,Stuart Fisher,https://creativecommons.org/licenses/by-nc-sa/4.0/,"Stuart Fisher via xeno-canto.org (XC175812), https://creativecommons.org/licenses/by-nc-sa/4.0/",pending,v1,,175812,0:20
taxon-cyanopica-cyanus,call,South Korea,,https://xeno-canto.org/175811/download,Stuart Fisher,https://creativecommons.org/licenses/by-nc-sa/4.0/,"Stuart Fisher via xeno-canto.org (XC175811), https://creativecommons.org/licenses/by-nc-sa/4.0/",pending,v1,,175811,0:31
